college_name,branch,intake
(GOVT) Intake,COMPUTER SCIENCE AND ENGINEERING,30
(GOVT) Intake,COMPUTER SCIENCE AND ENGINEERING,30
(GOVT) Intake,ELECTRICAL & ELECTRONICS,30
ENGINEERING,ELECTRONICS AND COMMUNICATION,30
(GOVT) Intake,ARTIFICIAL INTELLIGENCE AND,60
MACHINE LEARNING,COMPUTER SCIENCE AND ENGINEERING,60
MACHINE LEARNING,ELECTRONICS AND COMMUNICATION,60
MACHINE LEARNING,INFORMATION SCIENCE AND,60
(GOVT) Intake,ARTIFICIAL INTELLIGENCE AND,60
MACHINE LEARNING,AUTOMOBILE ENGINEERING,60
MACHINE LEARNING,COMPUTER SCIENCE AND ENGINEERING,60
(GOVT) Intake,CIVIL ENGINEERING,60
(GOVT) Intake,COMPUTER SCIENCE AND ENGINEERING,60
(GOVT) Intake,ELECTRONICS AND COMMUNICATION,60
(GOVT) Intake,MECHANICAL ENGINEERING,60
(GOVT) Intake,ARTIFICIAL INTELLIGENCE AND,60
MACHINE LEARNING,CIVIL ENGINEERING,60
MACHINE LEARNING,COMPUTER SCIENCE AND ENGINEERING,120
MACHINE LEARNING,ELECTRONICS AND COMMUNICATION,60
MACHINE LEARNING,MECHANICAL ENGINEERING,60
(GOVT) Intake,CIVIL ENGINEERING,60
(GOVT) Intake,COMPUTER SCIENCE AND ENGINEERING,60
(GOVT) Intake,ELECTRONICS AND COMMUNICATION,60
(GOVT) Intake,MECHANICAL ENGINEERING,60
(GOVT) Intake,CIVIL ENGINEERING,60
(GOVT) Intake,COMPUTER SCIENCE AND ENGINEERING,60
(GOVT) Intake,ELECTRONICS AND COMMUNICATION,60
(GOVT) Intake,MECHANICAL ENGINEERING,60
(GOVT) Intake,CIVIL ENGINEERING,60
(GOVT) Intake,COMPUTER SCIENCE AND ENGINEERING,60
(GOVT) Intake,ELECTRONICS AND COMMUNICATION,60
(GOVT) Intake,MECHANICAL ENGINEERING,60
(GOVT) Intake,CIVIL ENGINEERING,60
(GOVT) Intake,COMPUTER SCIENCE AND ENGINEERING,60
(GOVT) Intake,ELECTRONICS AND COMMUNICATION,60
(GOVT) Intake,MECHANICAL ENGINEERING,60
(GOVT) Intake,CIVIL ENGINEERING,60
(GOVT) Intake,COMPUTER SCIENCE AND ENGINEERING,60
(GOVT) Intake,ELECTRICAL & ELECTRONICS,60
ENGINEERING,ELECTRONICS AND COMMUNICATION,60
ENGINEERING,MECHANICAL ENGINEERING,60
(GOVT) Intake,CIVIL ENGINEERING,60
(GOVT) Intake,COMPUTER SCIENCE AND ENGINEERING,60
(GOVT) Intake,ELECTRONICS AND COMMUNICATION,60
(GOVT) Intake,MECHANICAL ENGINEERING,60
(GOVT) Intake,CIVIL ENGINEERING,60
(GOVT) Intake,COMPUTER SCIENCE AND ENGINEERING,60
(GOVT) Intake,ELECTRONICS AND COMMUNICATION,60
(GOVT) Intake,MECHANICAL AND SMART,60
(GOVT) Intake,CIVIL ENGINEERING,60
(GOVT) Intake,COMPUTER SCIENCE AND ENGINEERING,60
(GOVT) Intake,ELECTRICAL & ELECTRONICS,60
ENGINEERING,ELECTRONICS AND COMMUNICATION,60
ENGINEERING,MECHANICAL ENGINEERING,60
(GOVT) Intake,CIVIL ENGINEERING,60
(GOVT) Intake,COMPUTER SCIENCE AND ENGINEERING,60
(GOVT) Intake,ELECTRICAL & ELECTRONICS,60
ENGINEERING,ELECTRONICS AND COMMUNICATION,60
ENGINEERING,MECHANICAL ENGINEERING,60
(GOVT) Intake,ARTIFICIAL INTELLIGENCE AND DATA,60
(GOVT) Intake,CIVIL ENGINEERING,30
(GOVT) Intake,COMPUTER SCIENCE AND ENGINEERING,60
(GOVT) Intake,ELECTRONICS AND COMMUNICATION,60
(GOVT) Intake,ARTIFICIAL INTELLIGENCE AND DATA,60
(GOVT) Intake,CIVIL ENGINEERING,30
(GOVT) Intake,COMPUTER SCIENCE AND ENGINEERING,60
(GOVT) Intake,ELECTRONICS AND COMMUNICATION,60
(GOVT) Intake,CIVIL ENGINEERING,60
(GOVT) Intake,COMPUTER SCIENCE AND ENGINEERING,60
(GOVT) Intake,ELECTRONICS AND COMMUNICATION,60
(GOVT) Intake,SILK TECHNOLOGY,20
(GOVT) Intake,TEXTILES TECHNOLOGY,50
(GOVT) Intake,CIVIL ENGINEERING,60
(GOVT) Intake,COMPUTER SCIENCE AND ENGINEERING,60
(GOVT) Intake,ELECTRONICS AND COMMUNICATION,60
(GOVT) Intake,MECHANICAL ENGINEERING,60
(GOVT) Intake,CIVIL ENGINEERING,30
(GOVT) Intake,COMPUTER SCIENCE AND ENGINEERING,60
(GOVT) Intake,ELECTRICAL & ELECTRONICS,30
ENGINEERING,ELECTRONICS AND COMMUNICATION,60
ENGINEERING,ELECTRONICS AND INSTRUMENTATION,30
ENGINEERING,MECHANICAL ENGINEERING,35
ENGINEERING,ROBOTICS AND ARTIFICIAL,30
(GOVT) Intake,B TECH IN COMPUTER SCIENCE AND,120
ENGINEERING,B TECH IN COMPUTER SCIENCE AND,120
INTELLIGENCE AND DATA SCIENCE),B TECH IN ELECTRONICS & COMPUTER,60
ENGINEERING,B TECH IN ROBOTICS AND AUTOMATION,60
ENGINEERING,BTECH IN COMPUTER SCIENCE AND,120
BUSINESS SYSTEMS,BTECH IN ELECTRONICS ENGINEERING,60
(GOVT) Intake,B TECH IN AERONAUTICAL,60
ENGINEERING,B TECH IN COMPUTER SCIENCE AND,120
ENGINEERING,B TECH IN COMPUTER SCIENCE AND,60
ENGINEERING(DATA SCIENCE),B TECH IN ELECTRONICS &,60
COMMUNICATION ENGINEERING,B TECH IN ELECTRONICS & COMPUTER,60
ENGINEERING,B Tech in ROBOTICS AND ARTIFICIAL,60
INTELLIGENCE,BTECH IN MECHANICAL AND SMART,30
(GOVT) Intake,B TECH IN ARTIFICIAL INTELLIGENCE,120
AND DATA SCIENCE,COMPUTER SCIENCE AND ENGINEERING,120
AND DATA SCIENCE,ELECTRONICS & COMPUTER,60
(GOVT) R/Others Intake,CIVIL ENGINEERING,60
(GOVT) R/Others Intake,ELECTRICAL & ELECTRONICS,60
ENGINEERING,ELECTRONICS AND COMMUNICATION,60
ENGINEERING,INDUSTRIAL ENGINEERING &,60
ENGINEERING,MECHANICAL ENGINEERING,60
(GOVT) R/Others Intake,CIVIL ENGINEERING,90
(GOVT) R/Others Intake,COMPUTER SCIENCE AND ENGINEERING,60
(GOVT) R/Others Intake,ELECTRICAL & ELECTRONICS,60
ENGINEERING,ELECTRONICS AND COMMUNICATION,60
ENGINEERING,INDUSTRIAL & PRODUCTION,30
ENGINEERING,MECHANICAL ENGINEERING,120
(GOVT) R/Others Intake,CIVIL ENGINEERING,90
(GOVT) R/Others Intake,COMPUTER SCIENCE AND ENGINEERING,60
(GOVT) R/Others Intake,ELECTRICAL & ELECTRONICS,60
ENGINEERING,ELECTRONICS AND COMMUNICATION,120
ENGINEERING,ELECTRONICS AND INSTRUMENTATION,60
ENGINEERING,ELECTRONICS AND,60
TELECOMMUNICATION ENGINEERING,INDUSTRIAL ENGINEERING &,30
TELECOMMUNICATION ENGINEERING,MECHANICAL ENGINEERING,120
(GOVT) R/Others Intake,CIVIL ENGINEERING,60
(GOVT) R/Others Intake,ELECTRICAL & ELECTRONICS,60
ENGINEERING,ELECTRONICS AND COMMUNICATION,60
ENGINEERING,MECHANICAL ENGINEERING,120
(GOVT) R/Others Intake,CIVIL ENGINEERING,90
(GOVT) R/Others Intake,ELECTRICAL & ELECTRONICS,40
ENGINEERING,ELECTRONICS AND COMMUNICATION,60
ENGINEERING,INDUSTRIAL & PRODUCTION,40
ENGINEERING,MECHANICAL ENGINEERING,90
(GOVT) R/Others Intake,CIVIL ENGINEERING,90
(GOVT) R/Others Intake,ELECTRICAL & ELECTRONICS,40
ENGINEERING,ELECTRONICS AND COMMUNICATION,60
ENGINEERING,MECHANICAL ENGINEERING,120
(GOVT) R/Others Intake,AERONAUTICAL ENGINEERING,60
(GOVT) R/Others Intake,ARTIFICIAL INTELLIGENCE AND,120
MACHINE LEARNING,CIVIL ENGINEERING,60
MACHINE LEARNING,COMPUTER SCIENCE AND ENGINEERING,360
MACHINE LEARNING,COMPUTER SCIENCE AND ENGINEERING,60
(DATA SCIENCE),ELECTRICAL & ELECTRONICS,60
ENGINEERING,ELECTRONICS AND COMMUNICATION,180
ENGINEERING,INFORMATION SCIENCE AND,240
ENGINEERING,MECHANICAL ENGINEERING,60
ENGINEERING,MECHATRONICS,60
ENGINEERING,ROBOTICS AND ARTIFICIAL,60
(GOVT) R/Others Intake,AERO SPACE ENGINEERING,60
(GOVT) R/Others Intake,AERONAUTICAL ENGINEERING,60
(GOVT) R/Others Intake,ARTIFICIAL INTELLIGENCE AND,60
MACHINE LEARNING,COMPUTER SCIENCE AND ENGG,60
(INTERNET OF THINGS),COMPUTER SCIENCE AND ENGINEERING,240
(INTERNET OF THINGS),COMPUTER SCIENCE AND ENGINEERING,60
(CYBER SECURITY),COMPUTER SCIENCE AND ENGINEERING,120
(DATA SCIENCE),ELECTRONICS AND COMMUNICATION,60
(DATA SCIENCE),MECHANICAL ENGINEERING,30
(GOVT) R/Others Intake,ARTIFICIAL INTELLIGENCE AND,60
MACHINE LEARNING,CIVIL ENGINEERING,60
MACHINE LEARNING,COMPUTER SCIENCE AND ENGINEERING,120
MACHINE LEARNING,COMPUTER SCIENCE AND ENGINEERING,60
(DATA SCIENCE),ELECTRICAL & ELECTRONICS,60
ENGINEERING,ELECTRONICS AND COMMUNICATION,120
ENGINEERING,INFORMATION SCIENCE AND,60
ENGINEERING,MECHANICAL ENGINEERING,60
ENGINEERING,ROBOTICS AND ARTIFICIAL,30
(GOVT) R/Others Intake,ARTIFICIAL INTELLIGENCE AND DATA,60
(GOVT) R/Others Intake,ARTIFICIAL INTELLIGENCE AND,60
MACHINE LEARNING,COMPUTER SCIENCE AND ENGG,60
(ARTIFICIAL INTELLIGENCE),COMPUTER SCIENCE AND ENGG,60
MACHINE LEARNING),COMPUTER SCIENCE AND ENGINEERING,120
MACHINE LEARNING),DATA SCIENCES,60
MACHINE LEARNING),ELECTRONICS & COMPUTER,60
ENGINEERING,ELECTRONICS AND COMMUNICATION,60
ENGINEERING,INFORMATION SCIENCE AND,60
(GOVT) R/Others Intake,CIVIL ENGINEERING,30
(GOVT) R/Others Intake,COMPUTER SCIENCE AND DESIGN,60
(GOVT) R/Others Intake,COMPUTER SCIENCE AND ENGG,60
MACHINE LEARNING),COMPUTER SCIENCE AND ENGINEERING,180
MACHINE LEARNING),ELECTRICAL & ELECTRONICS,60
ENGINEERING,ELECTRONICS AND COMMUNICATION,120
ENGINEERING,MECHANICAL ENGINEERING,60
(GOVT) R/Others Intake,ARTIFICIAL INTELLIGENCE AND DATA,180
(GOVT) R/Others Intake,COMPUTER SCIENCE AND ENGG,180
MACHINE LEARNING),COMPUTER SCIENCE AND ENGINEERING,180
MACHINE LEARNING),COMPUTER SCIENCE AND ENGINEERING,120
(CYBER SECURITY),COMPUTER SCIENCE AND ENGINEERING,30
(DATA SCIENCE),ELECTRONICS AND COMMUNICATION,90
(DATA SCIENCE),INFORMATION SCIENCE AND,90
ENGINEERING,MECHANICAL ENGINEERING,30
(GOVT) R/Others Intake,AGRICULTURE ENGINEERING,60
(GOVT) R/Others Intake,ARTIFICIAL INTELLIGENCE AND DATA,60
(GOVT) R/Others Intake,COMPUTER SCIENCE AND ENGINEERING,180
(GOVT) R/Others Intake,ELECTRONICS AND COMMUNICATION,120
(GOVT) R/Others Intake,INFORMATION SCIENCE AND,60
ENGINEERING,MECHANICAL ENGINEERING,60
(GOVT) R/Others Intake,AGRICULTURE ENGINEERING,60
(GOVT) R/Others Intake,ARTIFICIAL INTELLIGENCE AND,120
MACHINE LEARNING,CIVIL ENGINEERING,60
MACHINE LEARNING,COMPUTER SCIENCE AND DESIGN,60
MACHINE LEARNING,COMPUTER SCIENCE AND ENGG,60
SECURITY INCLUDING BLOCK CHAIN,COMPUTER SCIENCE AND ENGINEERING,240
SECURITY INCLUDING BLOCK CHAIN,COMPUTER SCIENCE AND ENGINEERING,60
(DATA SCIENCE),ELECTRONICS AND COMMUNICATION,120
(DATA SCIENCE),INFORMATION SCIENCE AND,60
ENGINEERING,MECHANICAL ENGINEERING,60
(GOVT) R/Others Intake,AERONAUTICAL ENGINEERING,60
(GOVT) R/Others Intake,ARTIFICIAL INTELLIGENCE AND,180
MACHINE LEARNING,CIVIL ENGINEERING,30
MACHINE LEARNING,COMPUTER SCIENCE AND ENGG,180
MACHINE LEARNING),COMPUTER SCIENCE AND ENGINEERING,540
MACHINE LEARNING),COMPUTER SCIENCE AND ENGINEERING,120
(DATA SCIENCE),ELECTRICAL & ELECTRONICS,30
ENGINEERING,ELECTRONICS AND COMMUNICATION,180
ENGINEERING,MECHANICAL ENGINEERING,30
(GOVT) R/Others Intake,ARTIFICIAL INTELLIGENCE AND,60
MACHINE LEARNING,CIVIL ENGINEERING,30
MACHINE LEARNING,COMPUTER SCIENCE AND ENGINEERING,120
MACHINE LEARNING,ELECTRONICS AND COMMUNICATION,60
MACHINE LEARNING,INFORMATION SCIENCE AND,60
ENGINEERING,MECHANICAL ENGINEERING,30
(GOVT) R/Others Intake,ARTIFICIAL INTELLIGENCE AND DATA,60
(GOVT) R/Others Intake,CIVIL ENGINEERING,30
(GOVT) R/Others Intake,COMPUTER SCIENCE AND ENGINEERING,180
(GOVT) R/Others Intake,ELECTRICAL & ELECTRONICS,30
ENGINEERING,ELECTRONICS AND COMMUNICATION,60
ENGINEERING,MECHANICAL ENGINEERING,60
ENGINEERING,ROBOTICS AND AUTOMATION,30
(GOVT) R/Others Intake,ARTIFICIAL INTELLIGENCE AND,60
MACHINE LEARNING,COMPUTER SCIENCE AND ENGINEERING,180
MACHINE LEARNING,ELECTRONICS AND COMMUNICATION,120
(GOVT) R/Others Intake,COMPUTER SCIENCE AND ENGG,30
MACHINE LEARNING),COMPUTER SCIENCE AND ENGINEERING,120
MACHINE LEARNING),COMPUTER SCIENCE AND ENGINEERING,30
(CYBER SECURITY),ELECTRONICS AND COMMUNICATION,60
(CYBER SECURITY),INFORMATION SCIENCE AND,60
(GOVT) R/Others Intake,CIVIL ENGINEERING,30
(GOVT) R/Others Intake,COMPUTER SCIENCE AND DESIGN,60
(GOVT) R/Others Intake,COMPUTER SCIENCE AND ENGG,60
MACHINE LEARNING),COMPUTER SCIENCE AND ENGINEERING,180
MACHINE LEARNING),COMPUTER SCIENCE AND ENGINEERING,60
(CYBER SECURITY),COMPUTER SCIENCE AND ENGINEERING,60
(DATA SCIENCE),ELECTRICAL & ELECTRONICS,60
ENGINEERING,ELECTRONICS AND COMMUNICATION,120
ENGINEERING,MECHANICAL ENGINEERING,30
(GOVT) R/Others Intake,ARTIFICIAL INTELLIGENCE AND,120
MACHINE LEARNING,CIVIL ENGINEERING,30
MACHINE LEARNING,COMPUTER SCIENCE AND ENGINEERING,480
MACHINE LEARNING,COMPUTER SCIENCE AND ENGINEERING,120
(DATA SCIENCE),ELECTRONICS AND COMMUNICATION,180
(DATA SCIENCE),INFORMATION SCIENCE AND,180
ENGINEERING,MECHANICAL ENGINEERING,30
ENGINEERING,ROBOTICS AND AUTOMATION,60
(GOVT) R/Others Intake,ARTIFICIAL INTELLIGENCE AND DATA,60
(GOVT) R/Others Intake,ARTIFICIAL INTELLIGENCE AND,360
MACHINE LEARNING,CHEMICAL ENGINEERING,60
MACHINE LEARNING,CIVIL ENGINEERING,60
MACHINE LEARNING,COMPUTER SCIENCE AND BUSINESS,60
MACHINE LEARNING,COMPUTER SCIENCE AND ENGG,60
SECURITY INCLUDING BLOCK CHAIN,COMPUTER SCIENCE AND ENGINEERING,1200
SECURITY INCLUDING BLOCK CHAIN,COMPUTER SCIENCE AND ENGINEERING,60
(DATA SCIENCE),ELECTRONICS AND COMMUNICATION,360
(DATA SCIENCE),MECHANICAL ENGINEERING,60
(GOVT) R/Others Intake,ARTIFICIAL INTELLIGENCE AND,360
MACHINE LEARNING,CIVIL ENGINEERING,60
MACHINE LEARNING,COMPUTER SCIENCE AND BUSINESS,60
MACHINE LEARNING,COMPUTER SCIENCE AND ENGINEERING,900
MACHINE LEARNING,ELECTRICAL & ELECTRONICS,60
ENGINEERING,ELECTRONICS AND COMMUNICATION,180
ENGINEERING,MECHANICAL ENGINEERING,60
(GOVT) R/Others Intake,ARTIFICIAL INTELLIGENCE AND,120
MACHINE LEARNING,COMPUTER SCIENCE AND ENGINEERING,180
MACHINE LEARNING,ELECTRICAL & ELECTRONICS,60
ENGINEERING,ELECTRONICS AND COMMUNICATION,120
ENGINEERING,INFORMATION SCIENCE AND,60
ENGINEERING,MECHANICAL ENGINEERING,60
(GOVT) R/Others Intake,ARTIFICIAL INTELLIGENCE AND,60
MACHINE LEARNING,AUTOMOBILE ENGINEERING,30
MACHINE LEARNING,CIVIL ENGINEERING,30
MACHINE LEARNING,COMPUTER SCIENCE AND ENGINEERING,120
MACHINE LEARNING,ELECTRONICS & COMPUTER,60
ENGINEERING,ELECTRONICS AND COMMUNICATION,60
ENGINEERING,INFORMATION SCIENCE AND,180
(GOVT) R/Others Intake,ARTIFICIAL INTELLIGENCE AND,240
MACHINE LEARNING,CIVIL ENGINEERING,60
MACHINE LEARNING,COMPUTER SCIENCE AND ENGG,120
(ARTIFICIAL INTELLIGENCE),COMPUTER SCIENCE AND ENGINEERING,240
(ARTIFICIAL INTELLIGENCE),COMPUTER SCIENCE AND ENGINEERING,120
(DATA SCIENCE),ELECTRICAL & ELECTRONICS,120
ENGINEERING,ELECTRONICS AND COMMUNICATION,240
ENGINEERING,MECHANICAL ENGINEERING,120
(GOVT) R/Others Intake,ARTIFICIAL INTELLIGENCE AND,180
MACHINE LEARNING,CIVIL ENGINEERING,120
MACHINE LEARNING,COMPUTER SCIENCE AND ENGG,60
SECURITY INCLUDING BLOCK CHAIN,COMPUTER SCIENCE AND ENGINEERING,300
SECURITY INCLUDING BLOCK CHAIN,COMPUTER SCIENCE AND ENGINEERING,60
(DATA SCIENCE),ELECTRICAL & ELECTRONICS,60
ENGINEERING,ELECTRONICS ENGINEERING(VLSI,60
DESIGN & TECHNOLOGY),ELECTRONICS AND COMMUNICATION,180
DESIGN & TECHNOLOGY),ELECTRONICS AND INSTRUMENTATION,60
ENGINEERING,ELECTRONICS AND,60
TELECOMMUNICATION ENGINEERING,INFORMATION SCIENCE AND,180
ENGINEERING,MECHANICAL ENGINEERING,120
ENGINEERING,ROBOTICS AND ARTIFICIAL,60
(GOVT) R/Others Intake,ARTIFICIAL INTELLIGENCE AND,120
MACHINE LEARNING,CIVIL ENGINEERING,30
MACHINE LEARNING,COMPUTER ENGINEERING,60
MACHINE LEARNING,COMPUTER SCIENCE AND ENGINEERING,180
MACHINE LEARNING,COMPUTER SCIENCE AND ENGINEERING,60
(DATA SCIENCE),ELECTRONICS AND COMMUNICATION,60
(DATA SCIENCE),INFORMATION SCIENCE AND,60
ENGINEERING,MECHANICAL ENGINEERING,30
ENGINEERING,ROBOTICS AND ARTIFICIAL,60
(GOVT) R/Others Intake,ARTIFICIAL INTELLIGENCE AND,240
MACHINE LEARNING,CHEMICAL ENGINEERING,30
MACHINE LEARNING,CIVIL ENGINEERING,60
MACHINE LEARNING,COMPUTER SCIENCE AND BUSINESS,60
MACHINE LEARNING,COMPUTER SCIENCE AND DESIGN,60
MACHINE LEARNING,COMPUTER SCIENCE AND ENGINEERING,510
MACHINE LEARNING,COMPUTER SCIENCE AND ENGINEERING,60
(DATA SCIENCE),ELECTRICAL & ELECTRONICS,60
ENGINEERING,ELECTRONICS AND COMMUNICATION,120
ENGINEERING,INFORMATION SCIENCE AND,150
ENGINEERING,MECHANICAL ENGINEERING,60
ENGINEERING,TEXTILES TECHNOLOGY,40
(GOVT) R/Others Intake,CIVIL ENGINEERING,60
(GOVT) R/Others Intake,COMPUTER SCIENCE AND ENGINEERING,60
(GOVT) R/Others Intake,MECHANICAL ENGINEERING,60
(GOVT) R/Others Intake,ARTIFICIAL INTELLIGENCE AND DATA,30
(GOVT) R/Others Intake,CIVIL ENGINEERING,30
(GOVT) R/Others Intake,COMPUTER SCIENCE,60
(GOVT) R/Others Intake,COMPUTER SCIENCE AND ENGINEERING,120
(GOVT) R/Others Intake,ELECTRONICS & COMPUTER,30
ENGINEERING,ELECTRONICS AND COMMUNICATION,60
ENGINEERING,MECHANICAL ENGINEERING,30
(GOVT) R/Others Intake,ARTIFICIAL INTELLIGENCE AND DATA,60
(GOVT) R/Others Intake,ARTIFICIAL INTELLIGENCE AND,60
MACHINE LEARNING,COMPUTER SCIENCE AND DESIGN,60
MACHINE LEARNING,COMPUTER SCIENCE AND ENGINEERING,120
MACHINE LEARNING,INFORMATION SCIENCE AND,60
(GOVT) R/Others Intake,CHEMICAL ENGINEERING,30
(GOVT) R/Others Intake,CIVIL ENGINEERING,60
(GOVT) R/Others Intake,COMPUTER SCIENCE AND ENGG,60
MACHINE LEARNING),COMPUTER SCIENCE AND ENGINEERING,120
MACHINE LEARNING),COMPUTER SCIENCE AND ENGINEERING,60
(CYBER SECURITY),COMPUTER SCIENCE AND ENGINEERING,60
(DATA SCIENCE),ELECTRONICS AND COMMUNICATION,120
(DATA SCIENCE),MECHANICAL ENGINEERING,30
(GOVT) R/Others Intake,ARTIFICIAL INTELLIGENCE AND,60
MACHINE LEARNING,CIVIL ENGINEERING,30
MACHINE LEARNING,COMPUTER SCIENCE AND ENGINEERING,120
MACHINE LEARNING,ELECTRONICS AND COMMUNICATION,120
MACHINE LEARNING,MECHANICAL ENGINEERING,30
(GOVT) R/Others Intake,CIVIL ENGINEERING,120
(GOVT) R/Others Intake,COMPUTER SCIENCE AND ENGG,60
MACHINE LEARNING),COMPUTER SCIENCE AND ENGINEERING,180
MACHINE LEARNING),COMPUTER SCIENCE AND ENGINEERING,60
(DATA SCIENCE),ELECTRICAL & ELECTRONICS,90
ENGINEERING,ELECTRONICS AND COMMUNICATION,120
ENGINEERING,INFORMATION SCIENCE AND,60
ENGINEERING,MECHANICAL ENGINEERING,60
(GOVT) R/Others Intake,ARTIFICIAL INTELLIGENCE AND,90
MACHINE LEARNING,CIVIL ENGINEERING,30
MACHINE LEARNING,COMPUTER SCIENCE AND ENGG,60
SECURITY INCLUDING BLOCK CHAIN,COMPUTER SCIENCE AND ENGINEERING,150
SECURITY INCLUDING BLOCK CHAIN,ELECTRONICS AND COMMUNICATION,120
SECURITY INCLUDING BLOCK CHAIN,INFORMATION SCIENCE AND,60
ENGINEERING,MECHANICAL ENGINEERING,30
(GOVT) R/Others Intake,ARTIFICIAL INTELLIGENCE AND,120
MACHINE LEARNING,CIVIL ENGINEERING,30
MACHINE LEARNING,COMPUTER ENGINEERING,60
MACHINE LEARNING,COMPUTER SCIENCE AND ENGINEERING,180
MACHINE LEARNING,ELECTRONICS AND COMMUNICATION,60
MACHINE LEARNING,INFORMATION SCIENCE AND,60
ENGINEERING,MECHANICAL ENGINEERING,30
(GOVT) R/Others Intake,ARTIFICIAL INTELLIGENCE AND DATA,120
(GOVT) R/Others Intake,ARTIFICIAL INTELLIGENCE AND,120
MACHINE LEARNING,COMPUTER SCIENCE AND ENGG,60
MACHINE LEARNING),COMPUTER SCIENCE AND ENGINEERING,180
MACHINE LEARNING),COMPUTER SCIENCE AND ENGINEERING,60
(DATA SCIENCE),ELECTRONICS AND COMMUNICATION,240
(DATA SCIENCE),INFORMATION SCIENCE AND,180
(GOVT) R/Others Intake,COMPUTER SCIENCE AND ENGG,120
MACHINE LEARNING),COMPUTER SCIENCE AND ENGINEERING,180
MACHINE LEARNING),COMPUTER SCIENCE AND ENGINEERING,90
(CYBER SECURITY),COMPUTER SCIENCE AND ENGINEERING,60
(DATA SCIENCE),ELECTRONICS AND COMMUNICATION,60
(DATA SCIENCE),MECHANICAL ENGINEERING,30
(GOVT) R/Others Intake,ARTIFICIAL INTELLIGENCE AND,120
MACHINE LEARNING,CIVIL ENGINEERING,60
MACHINE LEARNING,COMPUTER SCIENCE AND ENGG,60
SECURITY INCLUDING BLOCK CHAIN,COMPUTER SCIENCE AND ENGINEERING,420
SECURITY INCLUDING BLOCK CHAIN,COMPUTER SCIENCE AND ENGINEERING,60
(DATA SCIENCE),ELECTRICAL & ELECTRONICS,60
ENGINEERING,ELECTRONICS AND COMMUNICATION,180
ENGINEERING,MECHANICAL ENGINEERING,60
(GOVT) R/Others Intake,COMPUTER SCIENCE AND ENGG,60
MACHINE LEARNING),COMPUTER SCIENCE AND ENGINEERING,60
MACHINE LEARNING),COMPUTER SCIENCE AND ENGINEERING,60
(CYBER SECURITY),COMPUTER SCIENCE AND ENGINEERING,60
(DATA SCIENCE),ELECTRONICS AND COMMUNICATION,60
(DATA SCIENCE),INFORMATION SCIENCE AND,60
(GOVT) R/Others Intake,CIVIL ENGINEERING,30
(GOVT) R/Others Intake,COMPUTER SCIENCE AND ENGINEERING,180
(GOVT) R/Others Intake,ELECTRONICS AND COMMUNICATION,60
(GOVT) R/Others Intake,INFORMATION SCIENCE AND,60
ENGINEERING,MECHANICAL ENGINEERING,30
(GOVT) R/Others Intake,ARTIFICIAL INTELLIGENCE AND DATA,60
(GOVT) R/Others Intake,CIVIL ENGINEERING,60
(GOVT) R/Others Intake,COMPUTER SCIENCE AND ENGINEERING,180
(GOVT) R/Others Intake,ELECTRICAL & ELECTRONICS,60
ENGINEERING,ELECTRONICS AND COMMUNICATION,120
ENGINEERING,INFORMATION SCIENCE AND,60
ENGINEERING,MECHANICAL ENGINEERING,60
(GOVT) R/Others Intake,ARTIFICIAL INTELLIGENCE AND,120
MACHINE LEARNING,CIVIL ENGINEERING,30
MACHINE LEARNING,COMPUTER SCIENCE AND ENGG,30
SECURITY INCLUDING BLOCK CHAIN,COMPUTER SCIENCE AND ENGINEERING,300
SECURITY INCLUDING BLOCK CHAIN,ELECTRONICS AND COMMUNICATION,60
SECURITY INCLUDING BLOCK CHAIN,INFORMATION SCIENCE AND,150
ENGINEERING,MECHANICAL ENGINEERING,30
(GOVT) R/Others Intake,ARTIFICIAL INTELLIGENCE AND DATA,60
(GOVT) R/Others Intake,ARTIFICIAL INTELLIGENCE AND,60
MACHINE LEARNING,CIVIL ENGINEERING,30
MACHINE LEARNING,COMPUTER SCIENCE AND ENGINEERING,120
MACHINE LEARNING,COMPUTER SCIENCE AND ENGINEERING,60
(CYBER SECURITY),ELECTRONICS AND COMMUNICATION,60
(CYBER SECURITY),MECHANICAL ENGINEERING,30
(GOVT) R/Others Intake,COMPUTER SCIENCE AND ENGG,120
MACHINE LEARNING),COMPUTER SCIENCE AND ENGG,60
SECURITY INCLUDING BLOCK CHAIN,COMPUTER SCIENCE AND ENGINEERING,360
SECURITY INCLUDING BLOCK CHAIN,COMPUTER SCIENCE AND ENGINEERING,60
(CYBER SECURITY),COMPUTER SCIENCE AND ENGINEERING,120
(DATA SCIENCE),ELECTRONICS AND COMMUNICATION,180
(DATA SCIENCE),INFORMATION SCIENCE AND,180
ENGINEERING,MECHANICAL ENGINEERING,30
(GOVT) R/Others Intake,AERONAUTICAL ENGINEERING,60
(GOVT) R/Others Intake,ARTIFICIAL INTELLIGENCE AND,120
MACHINE LEARNING,AUTOMOBILE ENGINEERING,60
MACHINE LEARNING,CHEMICAL ENGINEERING,60
MACHINE LEARNING,CIVIL ENGINEERING,180
MACHINE LEARNING,COMPUTER SCIENCE AND DESIGN,60
MACHINE LEARNING,COMPUTER SCIENCE AND ENGG,60
SECURITY INCLUDING BLOCK CHAIN,COMPUTER SCIENCE AND ENGINEERING,300
SECURITY INCLUDING BLOCK CHAIN,COMPUTER SCIENCE AND ENGINEERING,60
(CYBER SECURITY),COMPUTER SCIENCE AND ENGINEERING,60
(DATA SCIENCE),ELECTRICAL & ELECTRONICS,120
ENGINEERING,ELECTRONICS AND COMMUNICATION,300
ENGINEERING,ELECTRONICS AND,120
TELECOMMUNICATION ENGINEERING,INFORMATION SCIENCE AND,180
ENGINEERING,MECHANICAL ENGINEERING,120
ENGINEERING,MEDICAL ELECTRONICS ENGINEERING,60
ENGINEERING,ROBOTICS AND ARTIFICIAL,60
(GOVT) R/Others Intake,ARTIFICIAL INTELLIGENCE AND DATA,120
(GOVT) R/Others Intake,COMPUTER SCIENCE AND ENGG,120
MACHINE LEARNING),COMPUTER SCIENCE AND ENGG,60
SECURITY INCLUDING BLOCK CHAIN,COMPUTER SCIENCE AND ENGINEERING,300
SECURITY INCLUDING BLOCK CHAIN,ELECTRICAL & ELECTRONICS,60
ENGINEERING,ELECTRONICS AND COMMUNICATION,180
ENGINEERING,INFORMATION SCIENCE AND,240
(GOVT) R/Others Intake,ARTIFICIAL INTELLIGENCE AND DATA,60
(GOVT) R/Others Intake,COMPUTER SCIENCE AND ENGINEERING,120
(GOVT) R/Others Intake,ELECTRONICS AND COMMUNICATION,60
(GOVT) R/Others Intake,INFORMATION SCIENCE AND,120
(GOVT) R/Others Intake,AERONAUTICAL ENGINEERING,60
(GOVT) R/Others Intake,ARTIFICIAL INTELLIGENCE AND,60
MACHINE LEARNING,CIVIL ENGINEERING,30
MACHINE LEARNING,COMPUTER SCIENCE AND BUSINESS,60
MACHINE LEARNING,COMPUTER SCIENCE AND ENGINEERING,180
MACHINE LEARNING,COMPUTER SCIENCE AND ENGINEERING,60
(DATA SCIENCE),ELECTRONICS AND COMMUNICATION,60
(DATA SCIENCE),ELECTRONICS AND COMMUNICATION,60
ENGG (VLSI DESIGN AND TECHNOLOGY),INFORMATION SCIENCE AND,120
(GOVT) R/Others Intake,CIVIL ENGINEERING,30
(GOVT) R/Others Intake,COMPUTER SCIENCE AND ENGINEERING,120
(GOVT) R/Others Intake,ELECTRICAL & ELECTRONICS,30
ENGINEERING,ELECTRONICS AND COMMUNICATION,30
ENGINEERING,INFORMATION SCIENCE AND,60
ENGINEERING,MECHANICAL ENGINEERING,60
(GOVT) R/Others Intake,COMPUTER SCIENCE AND ENGG,60
MACHINE LEARNING),COMPUTER SCIENCE AND ENGINEERING,180
MACHINE LEARNING),ELECTRICAL & ELECTRONICS,30
ENGINEERING,ELECTRONICS AND COMMUNICATION,60
ENGINEERING,MECHANICAL ENGINEERING,30
ENGINEERING,MINING ENGINEERING,30
(GOVT) R/Others Intake,CIVIL ENGINEERING,30
(GOVT) R/Others Intake,COMPUTER SCIENCE AND ENGG,120
MACHINE LEARNING),COMPUTER SCIENCE AND ENGG,60
SECURITY INCLUDING BLOCK CHAIN,COMPUTER SCIENCE AND ENGINEERING,300
SECURITY INCLUDING BLOCK CHAIN,COMPUTER SCIENCE AND ENGINEERING,60
(DATA SCIENCE),ELECTRONICS AND COMMUNICATION,180
(DATA SCIENCE),INFORMATION SCIENCE AND,120
(GOVT) R/Others Intake,AERONAUTICAL ENGINEERING,60
(GOVT) R/Others Intake,AGRICULTURE ENGINEERING,60
(GOVT) R/Others Intake,COMPUTER SCIENCE AND ENGINEERING,120
(GOVT) R/Others Intake,ELECTRONICS AND COMMUNICATION,60
(GOVT) R/Others Intake,MECHANICAL ENGINEERING,30
(GOVT) R/Others Intake,ARTIFICIAL INTELLIGENCE AND DATA,60
(GOVT) R/Others Intake,ARTIFICIAL INTELLIGENCE AND,60
MACHINE LEARNING,CIVIL ENGINEERING,60
MACHINE LEARNING,COMPUTER SCIENCE AND ENGG,60
MACHINE LEARNING),COMPUTER SCIENCE AND ENGG,60
SECURITY INCLUDING BLOCK CHAIN,COMPUTER SCIENCE AND ENGINEERING,240
SECURITY INCLUDING BLOCK CHAIN,ELECTRICAL & ELECTRONICS,60
ENGINEERING,ELECTRONICS & COMPUTER,60
ENGINEERING,ELECTRONICS AND COMMUNICATION,180
ENGINEERING,INFORMATION SCIENCE AND,120
ENGINEERING,MECHANICAL ENGINEERING,60
(GOVT) R/Others Intake,ARTIFICIAL INTELLIGENCE AND,120
MACHINE LEARNING,COMPUTER SCIENCE AND ENGINEERING,120
MACHINE LEARNING,ELECTRONICS AND COMMUNICATION,60
MACHINE LEARNING,MECHANICAL ENGINEERING,30
(GOVT) R/Others Intake,ARTIFICIAL INTELLIGENCE AND,60
MACHINE LEARNING,CIVIL ENGINEERING,30
MACHINE LEARNING,COMPUTER SCIENCE AND DESIGN,60
MACHINE LEARNING,COMPUTER SCIENCE AND ENGINEERING,120
MACHINE LEARNING,ELECTRICAL & ELECTRONICS,60
ENGINEERING,ELECTRONICS AND COMMUNICATION,60
ENGINEERING,MECHANICAL ENGINEERING,30
(GOVT) R/Others Intake,ARTIFICIAL INTELLIGENCE AND DATA,60
(GOVT) R/Others Intake,COMPUTER SCIENCE AND ENGG,60
MACHINE LEARNING),COMPUTER SCIENCE AND ENGINEERING,120
MACHINE LEARNING),ELECTRICAL & ELECTRONICS,60
ENGINEERING,ELECTRONICS AND COMMUNICATION,180
ENGINEERING,INFORMATION SCIENCE AND,60
(GOVT) R/Others Intake,COMPUTER SCIENCE AND ENGINEERING,60
(GOVT) R/Others Intake,ELECTRONICS AND COMMUNICATION,30
(GOVT) R/Others Intake,INFORMATION SCIENCE AND,30
(GOVT) R/Others Intake,AERONAUTICAL ENGINEERING,60
(GOVT) R/Others Intake,ARTIFICIAL INTELLIGENCE AND DATA,120
(GOVT) R/Others Intake,ARTIFICIAL INTELLIGENCE AND,60
MACHINE LEARNING,CIVIL ENGINEERING,60
MACHINE LEARNING,COMPUTER SCIENCE AND ENGG,120
MACHINE LEARNING),COMPUTER SCIENCE AND ENGINEERING,300
MACHINE LEARNING),ELECTRICAL & ELECTRONICS,60
ENGINEERING,ELECTRONICS AND COMMUNICATION,240
ENGINEERING,INFORMATION SCIENCE AND,180
ENGINEERING,MECHANICAL ENGINEERING,60
(GOVT) R/Others Intake,AERONAUTICAL ENGINEERING,60
(GOVT) R/Others Intake,COMPUTER SCIENCE AND ENGG,120
MACHINE LEARNING),COMPUTER SCIENCE AND ENGINEERING,180
MACHINE LEARNING),COMPUTER SCIENCE AND ENGINEERING,60
(DATA SCIENCE),ELECTRONICS AND COMMUNICATION,120
(DATA SCIENCE),INFORMATION SCIENCE AND,60
(GOVT) R/Others Intake,CIVIL ENGINEERING,60
(GOVT) R/Others Intake,COMPUTER SCIENCE AND ENGINEERING,90
(GOVT) R/Others Intake,ELECTRONICS AND COMMUNICATION,60
(GOVT) R/Others Intake,MECHANICAL ENGINEERING,60
(GOVT) R/Others Intake,COMPUTER SCIENCE AND ENGG,60
MACHINE LEARNING),COMPUTER SCIENCE AND ENGINEERING,60
MACHINE LEARNING),COMPUTER SCIENCE AND ENGINEERING,60
(CYBER SECURITY),COMPUTER SCIENCE AND ENGINEERING,60
(DATA SCIENCE),ELECTRONICS AND COMMUNICATION,60
(DATA SCIENCE),INFORMATION SCIENCE AND,60
(GOVT) R/Others Intake,COMPUTER SCIENCE AND ENGINEERING,120
(GOVT) R/Others Intake,ELECTRICAL & ELECTRONICS,60
ENGINEERING,ELECTRONICS AND COMMUNICATION,120
ENGINEERING,MECHANICAL ENGINEERING,60
(GOVT) R/Others Intake,ARTIFICIAL INTELLIGENCE AND,90
MACHINE LEARNING,AUTOMATION AND ROBOTICS,60
MACHINE LEARNING,CIVIL ENGINEERING,30
MACHINE LEARNING,COMPUTER SCIENCE AND ENGINEERING,120
MACHINE LEARNING,COMPUTER SCIENCE AND ENGINEERING,30
(CYBER SECURITY),COMPUTER SCIENCE AND ENGINEERING,30
(DATA SCIENCE),ELECTRONICS AND COMMUNICATION,30
(DATA SCIENCE),MECHANICAL ENGINEERING,30
(GOVT) R/Others Intake,CIVIL ENGINEERING,60
(GOVT) R/Others Intake,COMPUTER SCIENCE AND ENGG,120
MACHINE LEARNING),COMPUTER SCIENCE AND ENGINEERING,240
MACHINE LEARNING),ELECTRONICS AND COMMUNICATION,180
MACHINE LEARNING),ELECTRONICS AND INSTRUMENTATION,60
ENGINEERING,INFORMATION SCIENCE AND,180
ENGINEERING,MECHANICAL ENGINEERING,60
ENGINEERING,ROBOTICS AND AUTOMATION,30
(GOVT) R/Others Intake,CIVIL ENGINEERING,30
(GOVT) R/Others Intake,COMPUTER SCIENCE AND ENGG,60
MACHINE LEARNING),COMPUTER SCIENCE AND ENGINEERING,120
MACHINE LEARNING),ELECTRONICS AND COMMUNICATION,90
MACHINE LEARNING),MECHANICAL ENGINEERING,60
(GOVT) R/Others Intake,ARTIFICIAL INTELLIGENCE AND,60
MACHINE LEARNING,CIVIL ENGINEERING,30
MACHINE LEARNING,COMPUTER SCIENCE AND ENGINEERING,180
MACHINE LEARNING,ELECTRONICS AND COMMUNICATION,60
MACHINE LEARNING,MECHANICAL ENGINEERING,30
(GOVT) R/Others Intake,CIVIL ENGINEERING,60
(GOVT) R/Others Intake,COMPUTER SCIENCE AND ENGG,60
MACHINE LEARNING),COMPUTER SCIENCE AND ENGINEERING,180
MACHINE LEARNING),ELECTRICAL & ELECTRONICS,60
ENGINEERING,ELECTRONICS AND COMMUNICATION,180
ENGINEERING,MECHANICAL ENGINEERING,60
(GOVT) R/Others Intake,ARTIFICIAL INTELLIGENCE AND,60
MACHINE LEARNING,CIVIL ENGINEERING,60
MACHINE LEARNING,COMPUTER SCIENCE AND ENGINEERING,300
MACHINE LEARNING,ELECTRICAL & ELECTRONICS,60
ENGINEERING,ELECTRONICS AND COMMUNICATION,180
ENGINEERING,INFORMATION SCIENCE AND,60
ENGINEERING,MECHANICAL ENGINEERING,60
(GOVT) R/Others Intake,ARTIFICIAL INTELLIGENCE AND,60
MACHINE LEARNING,CIVIL ENGINEERING,120
MACHINE LEARNING,COMPUTER SCIENCE AND ENGINEERING,240
MACHINE LEARNING,COMPUTER SCIENCE AND ENGINEERING,60
(DATA SCIENCE),ELECTRICAL & ELECTRONICS,60
ENGINEERING,ELECTRONICS AND COMMUNICATION,120
ENGINEERING,ELECTRONICS AND,60
TELECOMMUNICATION ENGINEERING,INFORMATION SCIENCE AND,180
ENGINEERING,MECHANICAL ENGINEERING,60
ENGINEERING,ROBOTICS AND ARTIFICIAL,60
(GOVT) R/Others Intake,CIVIL ENGINEERING,30
(GOVT) R/Others Intake,COMPUTER SCIENCE AND ENGINEERING,90
(GOVT) R/Others Intake,ELECTRONICS AND COMMUNICATION,60
(GOVT) R/Others Intake,INFORMATION SCIENCE AND,60
ENGINEERING,MECHANICAL ENGINEERING,30
(GOVT) R/Others Intake,ARTIFICIAL INTELLIGENCE AND,60
MACHINE LEARNING,CIVIL ENGINEERING,30
MACHINE LEARNING,COMPUTER SCIENCE AND ENGINEERING,180
MACHINE LEARNING,ELECTRONICS AND COMMUNICATION,120
MACHINE LEARNING,INFORMATION SCIENCE AND,60
ENGINEERING,MECHANICAL ENGINEERING,30
(GOVT) R/Others Intake,ARTIFICIAL INTELLIGENCE AND DATA,60
(GOVT) R/Others Intake,CIVIL ENGINEERING,60
(GOVT) R/Others Intake,COMPUTER SCIENCE AND ENGINEERING,120
(GOVT) R/Others Intake,ELECTRONICS AND COMMUNICATION,60
(GOVT) R/Others Intake,MECHANICAL ENGINEERING,60
(GOVT) R/Others Intake,CIVIL ENGINEERING,30
(GOVT) R/Others Intake,COMPUTER SCIENCE AND ENGG,60
MACHINE LEARNING),COMPUTER SCIENCE AND ENGINEERING,120
MACHINE LEARNING),ELECTRICAL & ELECTRONICS,60
ENGINEERING,ELECTRONICS AND COMMUNICATION,120
ENGINEERING,MECHANICAL ENGINEERING,60
(GOVT) R/Others Intake,ARTIFICIAL INTELLIGENCE AND,60
MACHINE LEARNING,CIVIL ENGINEERING,30
MACHINE LEARNING,COMPUTER SCIENCE AND ENGG,60
SECURITY INCLUDING BLOCK CHAIN,COMPUTER SCIENCE AND ENGINEERING,180
SECURITY INCLUDING BLOCK CHAIN,COMPUTER SCIENCE AND ENGINEERING,60
(ARTIFICAL INTELLIGENCE & DATA,COMPUTER SCIENCE AND ENGINEERING,120
(DATA SCIENCE),ELECTRONICS & COMPUTER,60
ENGINEERING,ELECTRONICS AND COMMUNICATION,60
ENGINEERING,INFORMATION SCIENCE AND,60
ENGINEERING,MECHANICAL ENGINEERING,30
(GOVT) R/Others Intake,ARTIFICIAL INTELLIGENCE AND,120
MACHINE LEARNING,COMPUTER AND COMMUNICATION,60
ENGINEERING,COMPUTER SCIENCE AND DESIGN,60
ENGINEERING,COMPUTER SCIENCE AND ENGG,60
SECURITY INCLUDING BLOCK CHAIN,COMPUTER SCIENCE AND ENGINEERING,180
SECURITY INCLUDING BLOCK CHAIN,ELECTRONICS AND COMMUNICATION,120
SECURITY INCLUDING BLOCK CHAIN,MECHANICAL ENGINEERING,60
(GOVT) R/Others Intake,ARTIFICIAL INTELLIGENCE AND DATA,120
(GOVT) R/Others Intake,CIVIL ENGINEERING,60
(GOVT) R/Others Intake,COMPUTER SCIENCE AND BUSINESS,60
(GOVT) R/Others Intake,COMPUTER SCIENCE AND ENGINEERING,120
(GOVT) R/Others Intake,ELECTRONICS AND COMMUNICATION,120
(GOVT) R/Others Intake,MECHANICAL ENGINEERING,60
(GOVT) R/Others Intake,CIVIL ENGINEERING,30
(GOVT) R/Others Intake,COMPUTER SCIENCE AND ENGG,120
MACHINE LEARNING),COMPUTER SCIENCE AND ENGINEERING,180
MACHINE LEARNING),ELECTRONICS AND COMMUNICATION,60
(GOVT) R/Others Intake,AERONAUTICAL ENGINEERING,60
(GOVT) R/Others Intake,CIVIL ENGINEERING,120
(GOVT) R/Others Intake,COMMUNICATION DESIGN,30
(GOVT) R/Others Intake,COMPUTER SCIENCE AND ENGG,60
MACHINE LEARNING),COMPUTER SCIENCE AND ENGINEERING,300
MACHINE LEARNING),ELECTRICAL & ELECTRONICS,60
ENGINEERING,ELECTRONICS AND COMMUNICATION,180
ENGINEERING,FASHION DESIGN,30
ENGINEERING,INDUSTRIAL DESIGN,30
ENGINEERING,LIFE STYLE AND ACCESSORY DESIGN,30
ENGINEERING,MECHANICAL ENGINEERING,120
(GOVT) R/Others Intake,ARTIFICIAL INTELLIGENCE AND,60
MACHINE LEARNING,CIVIL ENGINEERING,60
MACHINE LEARNING,COMPUTER SCIENCE AND ENGINEERING,180
MACHINE LEARNING,ELECTRONICS AND COMMUNICATION,120
MACHINE LEARNING,INFORMATION SCIENCE AND,60
ENGINEERING,MECHANICAL ENGINEERING,60
(GOVT) R/Others Intake,AERONAUTICAL ENGINEERING,60
(GOVT) R/Others Intake,ARTIFICIAL INTELLIGENCE AND,60
MACHINE LEARNING,COMPUTER SCIENCE AND ENGINEERING,120
MACHINE LEARNING,COMPUTER SCIENCE AND ENGINEERING,60
(DATA SCIENCE),ELECTRONICS AND COMMUNICATION,30
(DATA SCIENCE),MECHANICAL ENGINEERING,30
(GOVT) R/Others Intake,ARTIFICIAL INTELLIGENCE AND,60
MACHINE LEARNING,CIVIL ENGINEERING,30
MACHINE LEARNING,COMPUTER SCIENCE AND ENGINEERING,120
MACHINE LEARNING,ELECTRICAL & ELECTRONICS,60
ENGINEERING,ELECTRONICS AND COMMUNICATION,60
ENGINEERING,MECHANICAL ENGINEERING,30
(GOVT) R/Others Intake,ARTIFICIAL INTELLIGENCE AND,60
MACHINE LEARNING,CIVIL ENGINEERING,30
MACHINE LEARNING,COMPUTER SCIENCE AND ENGINEERING,180
MACHINE LEARNING,COMPUTER SCIENCE AND ENGINEERING,60
(CYBER SECURITY),COMPUTER SCIENCE AND ENGINEERING,60
(DATA SCIENCE),ELECTRONICS AND COMMUNICATION,60
(DATA SCIENCE),INFORMATION SCIENCE AND,60
ENGINEERING,MECHANICAL ENGINEERING,30
(GOVT) R/Others Intake,AERO SPACE ENGINEERING,60
(GOVT) R/Others Intake,ARTIFICIAL INTELLIGENCE AND DATA,60
(GOVT) R/Others Intake,ARTIFICIAL INTELLIGENCE AND,69
MACHINE LEARNING,CHEMICAL ENGINEERING,60
MACHINE LEARNING,CIVIL ENGINEERING,60
MACHINE LEARNING,COMPUTER SCIENCE AND ENGG,129
MACHINE LEARNING),COMPUTER SCIENCE AND ENGINEERING,198
MACHINE LEARNING),COMPUTER SCIENCE AND ENGINEERING,69
(CYBER SECURITY),ELECTRICAL & ELECTRONICS,60
ENGINEERING,ELECTRONICS AND COMMUNICATION,138
ENGINEERING,ELECTRONICS AND INSTRUMENTATION,60
ENGINEERING,ELECTRONICS AND,60
TELECOMMUNICATION ENGINEERING,INDUSTRIAL ENGINEERING &,60
TELECOMMUNICATION ENGINEERING,INFORMATION SCIENCE AND,138
ENGINEERING,MECHANICAL ENGINEERING,120
ENGINEERING,MEDICAL ELECTRONICS ENGINEERING,60
(GOVT) R/Others Intake,CIVIL ENGINEERING,120
(GOVT) R/Others Intake,COMPUTER ENGINEERING,60
(GOVT) R/Others Intake,COMPUTER SCIENCE AND BUSINESS,60
(GOVT) R/Others Intake,COMPUTER SCIENCE AND ENGG,60
(ARTIFICIAL INTELLIGENCE),COMPUTER SCIENCE AND ENGG,60
MACHINE LEARNING),COMPUTER SCIENCE AND ENGG,60
SECURITY INCLUDING BLOCK CHAIN,COMPUTER SCIENCE AND ENGINEERING,180
SECURITY INCLUDING BLOCK CHAIN,COMPUTER SCIENCE AND ENGINEERING,60
(DATA SCIENCE),ELECTRONICS AND COMMUNICATION,120
(DATA SCIENCE),INFORMATION SCIENCE AND,120
ENGINEERING,MECHANICAL ENGINEERING,60
ENGINEERING,MECHANICAL ENGINEERING (KANNADA,30
(GOVT) R/Others Intake,ARTIFICIAL INTELLIGENCE AND DATA,60
(GOVT) R/Others Intake,CIVIL ENGINEERING,60
(GOVT) R/Others Intake,COMPUTER SCIENCE AND ENGG,60
MACHINE LEARNING),COMPUTER SCIENCE AND ENGINEERING,120
MACHINE LEARNING),ELECTRONICS AND COMMUNICATION,60
MACHINE LEARNING),MECHANICAL ENGINEERING,60
(GOVT) R/Others Intake,CIVIL ENGINEERING,60
(GOVT) R/Others Intake,COMPUTER SCIENCE AND BUSINESS,60
(GOVT) R/Others Intake,COMPUTER SCIENCE AND ENGG,60
MACHINE LEARNING),COMPUTER SCIENCE AND ENGINEERING,420
MACHINE LEARNING),ELECTRICAL & ELECTRONICS,60
ENGINEERING,ELECTRONICS ENGINEERING(VLSI,60
DESIGN & TECHNOLOGY),ELECTRONICS AND COMMUNICATION,60
DESIGN & TECHNOLOGY),ROBOTICS AND ARTIFICIAL,60
(GOVT) R/Others Intake,AERONAUTICAL ENGINEERING,60
(GOVT) R/Others Intake,ARTIFICIAL INTELLIGENCE AND,120
MACHINE LEARNING,COMPUTER SCIENCE AND ENGG,60
MACHINE LEARNING),COMPUTER SCIENCE AND ENGG,60
SECURITY INCLUDING BLOCK CHAIN,COMPUTER SCIENCE AND ENGINEERING,240
SECURITY INCLUDING BLOCK CHAIN,ELECTRONICS AND COMMUNICATION,120
SECURITY INCLUDING BLOCK CHAIN,INFORMATION SCIENCE AND,180
ENGINEERING,MECHANICAL ENGINEERING,60
ENGINEERING,MECHATRONICS,60
ENGINEERING,ROBOTICS AND ARTIFICIAL,60
(GOVT) R/Others Intake,COMPUTER SCIENCE AND ENGINEERING,90
(GOVT) R/Others Intake,ELECTRONICS AND COMMUNICATION,60
(GOVT) R/Others Intake,MECHANICAL ENGINEERING,60
(GOVT) R/Others Intake,ROBOTICS AND ARTIFICIAL,30
(GOVT) R/Others Intake,ARTIFICIAL INTELLIGENCE AND,60
MACHINE LEARNING,CIVIL ENGINEERING,30
MACHINE LEARNING,COMPUTER SCIENCE AND ENGG,60
MACHINE LEARNING),COMPUTER SCIENCE AND ENGINEERING,120
MACHINE LEARNING),COMPUTER SCIENCE AND ENGINEERING,60
(DATA SCIENCE),ELECTRONICS AND COMMUNICATION,120
(DATA SCIENCE),INFORMATION SCIENCE AND,60
(GOVT) R/Others Intake,CIVIL ENGINEERING,30
(GOVT) R/Others Intake,COMPUTER SCIENCE AND ENGG,30
MACHINE LEARNING),COMPUTER SCIENCE AND ENGINEERING,180
MACHINE LEARNING),COMPUTER SCIENCE AND ENGINEERING,30
(DATA SCIENCE),ELECTRONICS AND COMMUNICATION,30
(DATA SCIENCE),INFORMATION SCIENCE AND,30
ENGINEERING,MECHANICAL ENGINEERING,30
(GOVT) R/Others Intake,ARTIFICIAL INTELLIGENCE AND,60
MACHINE LEARNING,CIVIL ENGINEERING,30
MACHINE LEARNING,COMPUTER SCIENCE AND ENGINEERING,180
MACHINE LEARNING,ELECTRONICS AND COMMUNICATION,120
MACHINE LEARNING,INFORMATION SCIENCE AND,60
ENGINEERING,MECHANICAL ENGINEERING,30
(GOVT) R/Others Intake,CIVIL ENGINEERING,60
(GOVT) R/Others Intake,COMPUTER SCIENCE AND ENGG,180
MACHINE LEARNING),COMPUTER SCIENCE AND ENGG,60
SECURITY INCLUDING BLOCK CHAIN,COMPUTER SCIENCE AND ENGINEERING,240
SECURITY INCLUDING BLOCK CHAIN,COMPUTER SCIENCE AND ENGINEERING,60
(DATA SCIENCE),ELECTRONICS AND COMMUNICATION,120
(DATA SCIENCE),INFORMATION SCIENCE AND,60
(GOVT) R/Others Intake,ARTIFICIAL INTELLIGENCE AND DATA,60
(GOVT) R/Others Intake,ARTIFICIAL INTELLIGENCE AND,60
MACHINE LEARNING,CIVIL ENGINEERING,30
MACHINE LEARNING,COMPUTER SCIENCE AND ENGG,60
MACHINE LEARNING),COMPUTER SCIENCE AND ENGINEERING,240
MACHINE LEARNING),COMPUTER SCIENCE AND ENGINEERING,60
(CYBER SECURITY),ELECTRONICS AND COMMUNICATION,120
(GOVT) R/Others Intake,CIVIL ENGINEERING,60
(GOVT) R/Others Intake,COMPUTER SCIENCE AND ENGG,60
MACHINE LEARNING),COMPUTER SCIENCE AND ENGINEERING,180
MACHINE LEARNING),ELECTRICAL & ELECTRONICS,60
ENGINEERING,ELECTRONICS AND COMMUNICATION,90
ENGINEERING,MECHANICAL ENGINEERING,30
(GOVT) R/Others Intake,COMPUTER SCIENCE AND ENGG,120
MACHINE LEARNING),COMPUTER SCIENCE AND ENGINEERING,120
MACHINE LEARNING),COMPUTER SCIENCE AND ENGINEERING,30
(ARTIFICAL INTELLIGENCE & DATA,ELECTRONICS AND COMMUNICATION,30
(ARTIFICAL INTELLIGENCE & DATA,INFORMATION SCIENCE AND,60
(GOVT) R/Others Intake,ARTIFICIAL INTELLIGENCE AND,120
MACHINE LEARNING,CERAMICS & CEMENT ENGINEERING,30
MACHINE LEARNING,CIVIL ENGINEERING,90
MACHINE LEARNING,COMPUTER SCIENCE AND DESIGN,60
MACHINE LEARNING,COMPUTER SCIENCE AND ENGINEERING,240
MACHINE LEARNING,ELECTRICAL & ELECTRONICS,20
ENGINEERING,ELECTRONICS AND COMMUNICATION,120
ENGINEERING,ELECTRONICS AND INSTRUMENTATION,30
ENGINEERING,INDUSTRIAL & PRODUCTION,20
ENGINEERING,INFORMATION SCIENCE AND,60
ENGINEERING,MECHANICAL ENGINEERING,30
(GOVT) R/Others Intake,CIVIL ENGINEERING,30
(GOVT) R/Others Intake,COMPUTER SCIENCE AND BUSINESS,60
(GOVT) R/Others Intake,COMPUTER SCIENCE AND ENGG,60
MACHINE LEARNING),COMPUTER SCIENCE AND ENGINEERING,240
MACHINE LEARNING),COMPUTER SCIENCE AND ENGINEERING,60
(DATA SCIENCE),ELECTRICAL & ELECTRONICS,20
ENGINEERING,ELECTRONICS AND COMMUNICATION,120
ENGINEERING,ELECTRONICS AND COMMUNICATION,60
ENGG (VLSI DESIGN AND TECHNOLOGY),INFORMATION SCIENCE AND,60
ENGINEERING,ROBOTICS AND ARTIFICIAL,60
(GOVT) R/Others Intake,ARTIFICIAL INTELLIGENCE AND,120
MACHINE LEARNING,CIVIL ENGINEERING,60
MACHINE LEARNING,COMPUTER ENGINEERING,60
MACHINE LEARNING,COMPUTER SCIENCE AND DESIGN,60
MACHINE LEARNING,COMPUTER SCIENCE AND ENGINEERING,180
MACHINE LEARNING,COMPUTER SCIENCE AND ENGINEERING,60
(DATA SCIENCE),ELECTRICAL & ELECTRONICS,60
ENGINEERING,ELECTRONICS AND COMMUNICATION,120
ENGINEERING,INFORMATION SCIENCE AND,120
ENGINEERING,MECHANICAL ENGINEERING,60
(GOVT) R/Others Intake,CIVIL ENGINEERING,30
(GOVT) R/Others Intake,COMPUTER SCIENCE AND ENGG,60
MACHINE LEARNING),COMPUTER SCIENCE AND ENGINEERING,120
MACHINE LEARNING),ELECTRICAL & ELECTRONICS,60
ENGINEERING,ELECTRONICS AND COMMUNICATION,60
ENGINEERING,MECHANICAL ENGINEERING,60
(GOVT) R/Others Intake,COMPUTER SCIENCE AND ENGG,120
MACHINE LEARNING),COMPUTER SCIENCE AND ENGINEERING,180
MACHINE LEARNING),ELECTRONICS AND COMMUNICATION,60
(GOVT) R/Others Intake,AERO SPACE ENGINEERING,60
(GOVT) R/Others Intake,CHEMICAL ENGINEERING,40
(GOVT) R/Others Intake,CIVIL ENGINEERING,60
(GOVT) R/Others Intake,COMPUTER SCIENCE AND ENGG,180
MACHINE LEARNING),COMPUTER SCIENCE AND ENGINEERING,360
MACHINE LEARNING),COMPUTER SCIENCE AND ENGINEERING,60
(CYBER SECURITY),COMPUTER SCIENCE AND ENGINEERING,60
(DATA SCIENCE),ELECTRICAL & ELECTRONICS,60
ENGINEERING,ELECTRONICS AND COMMUNICATION,240
ENGINEERING,ELECTRONICS AND,60
TELECOMMUNICATION ENGINEERING,INDUSTRIAL ENGINEERING &,60
TELECOMMUNICATION ENGINEERING,MECHANICAL ENGINEERING,120
(GOVT) R/Others Intake,COMPUTER SCIENCE AND ENGG,60
MACHINE LEARNING),COMPUTER SCIENCE AND ENGINEERING,180
MACHINE LEARNING),COMPUTER SCIENCE AND ENGINEERING,60
(CYBER SECURITY),COMPUTER SCIENCE AND ENGINEERING,60
(DATA SCIENCE),ELECTRONICS AND COMMUNICATION,60
(DATA SCIENCE),MECHANICAL ENGINEERING,60
(GOVT) R/Others Intake,ARTIFICIAL INTELLIGENCE AND,60
MACHINE LEARNING,CIVIL ENGINEERING,60
MACHINE LEARNING,COMPUTER SCIENCE & TECHNOLOGY,60
MACHINE LEARNING,COMPUTER SCIENCE AND ENGG,60
SECURITY INCLUDING BLOCK CHAIN,COMPUTER SCIENCE AND ENGINEERING,180
SECURITY INCLUDING BLOCK CHAIN,ELECTRICAL & ELECTRONICS,60
ENGINEERING,ELECTRONICS & COMPUTER SCIENCE,60
ENGINEERING,ELECTRONICS AND COMMUNICATION,60
ENGINEERING,INFORMATION SCIENCE AND,60
ENGINEERING,MECHANICAL ENGINEERING,60
(GOVT) R/Others Intake,ARTIFICIAL INTELLIGENCE AND,30
MACHINE LEARNING,CIVIL ENGINEERING,30
MACHINE LEARNING,COMPUTER SCIENCE AND ENGINEERING,120
MACHINE LEARNING,ELECTRONICS AND COMMUNICATION,60
MACHINE LEARNING,MECHANICAL ENGINEERING,30
MACHINE LEARNING,TEXTILES TECHNOLOGY,30
(GOVT) R/Others Intake,ARTIFICIAL INTELLIGENCE AND,120
MACHINE LEARNING,CIVIL ENGINEERING,30
MACHINE LEARNING,COMPUTER SCIENCE AND DESIGN,60
MACHINE LEARNING,COMPUTER SCIENCE AND ENGG,60
SECURITY INCLUDING BLOCK CHAIN,COMPUTER SCIENCE AND ENGINEERING,240
SECURITY INCLUDING BLOCK CHAIN,ELECTRICAL & ELECTRONICS,60
ENGINEERING,ELECTRONICS AND COMMUNICATION,120
ENGINEERING,INFORMATION SCIENCE AND,120
ENGINEERING,ROBOTICS AND AUTOMATION,60
(GOVT) R/Others Intake,ARTIFICIAL INTELLIGENCE AND DATA,60
(GOVT) R/Others Intake,CIVIL ENGINEERING,30
(GOVT) R/Others Intake,COMPUTER SCIENCE AND ENGG,60
MACHINE LEARNING),COMPUTER SCIENCE AND ENGINEERING,180
MACHINE LEARNING),ELECTRICAL & ELECTRONICS,60
ENGINEERING,ELECTRONICS ENGINEERING(VLSI,60
DESIGN & TECHNOLOGY),ELECTRONICS AND COMMUNICATION,120
DESIGN & TECHNOLOGY),INFORMATION SCIENCE AND,60
ENGINEERING,MECHANICAL ENGINEERING,30
(GOVT) R/Others Intake,ARTIFICIAL INTELLIGENCE AND,30
MACHINE LEARNING,COMPUTER SCIENCE AND ENGG,30
(ARTIFICIAL INTELLIGENCE),COMPUTER SCIENCE AND ENGG,30
SECURITY INCLUDING BLOCK CHAIN,COMPUTER SCIENCE AND ENGINEERING,120
SECURITY INCLUDING BLOCK CHAIN,ELECTRICAL & ELECTRONICS,60
ENGINEERING,ELECTRONICS AND COMMUNICATION,60
ENGINEERING,INFORMATION SCIENCE AND,30
ENGINEERING,MECHANICAL ENGINEERING,30
(GOVT) R/Others Intake,CIVIL ENGINEERING,60
(GOVT) R/Others Intake,COMPUTER SCIENCE AND ENGG,120
MACHINE LEARNING),COMPUTER SCIENCE AND ENGINEERING,180
MACHINE LEARNING),COMPUTER SCIENCE AND ENGINEERING,60
(CYBER SECURITY),COMPUTER SCIENCE AND ENGINEERING,60
(DATA SCIENCE),ELECTRICAL & ELECTRONICS,120
ENGINEERING,ELECTRONICS AND COMMUNICATION,120
ENGINEERING,INFORMATION SCIENCE AND,120
ENGINEERING,MECHANICAL ENGINEERING,120
(GOVT) R/Others Intake,COMPUTER SCIENCE AND ENGG,60
MACHINE LEARNING),COMPUTER SCIENCE AND ENGINEERING,60
MACHINE LEARNING),COMPUTER SCIENCE AND ENGINEERING,60
(CYBER SECURITY),COMPUTER SCIENCE AND ENGINEERING,60
(DATA SCIENCE),ELECTRONICS & COMMUNICATION,60
INTEGTATED),INFORMATION SCIENCE AND,60
(GOVT) R/Others Intake,CIVIL ENGINEERING,60
(GOVT) R/Others Intake,COMPUTER SCIENCE AND ENGG,360
MACHINE LEARNING),COMPUTER SCIENCE AND ENGINEERING,720
MACHINE LEARNING),COMPUTER SCIENCE AND ENGINEERING,120
(CYBER SECURITY),COMPUTER SCIENCE AND ENGINEERING,180
(DATA SCIENCE),ELECTRICAL & ELECTRONICS,60
ENGINEERING,ELECTRONICS AND COMMUNICATION,240
ENGINEERING,MECHANICAL ENGINEERING,60
(GOVT) R/Others Intake,AGRICULTURE ENGINEERING,30
(GOVT) R/Others Intake,ARTIFICIAL INTELLIGENCE AND DATA,60
(GOVT) R/Others Intake,ARTIFICIAL INTELLIGENCE AND,60
MACHINE LEARNING,CIVIL ENGINEERING,30
MACHINE LEARNING,COMPUTER SCIENCE AND ENGG,60
SECURITY INCLUDING BLOCK CHAIN,COMPUTER SCIENCE AND ENGINEERING,180
SECURITY INCLUDING BLOCK CHAIN,ELECTRONICS AND COMMUNICATION,60
SECURITY INCLUDING BLOCK CHAIN,INFORMATION SCIENCE AND,60
ENGINEERING,MECHANICAL ENGINEERING,30
(GOVT) R/Others Intake,AERO SPACE ENGINEERING,30
(GOVT) R/Others Intake,AERONAUTICAL ENGINEERING,30
(GOVT) R/Others Intake,ARTIFICIAL INTELLIGENCE AND DATA,60
(GOVT) R/Others Intake,CIVIL ENGINEERING,60
(GOVT) R/Others Intake,CIVIL ENGINEERING (KANNADA,30
(GOVT) R/Others Intake,COMPUTER SCIENCE AND DESIGN,60
(GOVT) R/Others Intake,COMPUTER SCIENCE AND ENGG,60
MACHINE LEARNING),COMPUTER SCIENCE AND ENGINEERING,180
MACHINE LEARNING),ELECTRONICS AND COMMUNICATION,180
MACHINE LEARNING),INFORMATION SCIENCE AND,120
ENGINEERING,MECHANICAL ENGINEERING,30
(GOVT) R/Others Intake,ARTIFICIAL INTELLIGENCE AND,60
MACHINE LEARNING,CIVIL ENGINEERING,30
MACHINE LEARNING,COMPUTER SCIENCE AND ENGINEERING,90
MACHINE LEARNING,ELECTRICAL & ELECTRONICS,40
ENGINEERING,ELECTRONICS AND COMMUNICATION,90
ENGINEERING,MECHANICAL ENGINEERING,30
(GOVT) R/Others Intake,ARTIFICIAL INTELLIGENCE AND,60
MACHINE LEARNING,CIVIL ENGINEERING,60
MACHINE LEARNING,COMPUTER SCIENCE AND ENGINEERING,240
MACHINE LEARNING,COMPUTER SCIENCE AND ENGINEERING,60
(DATA SCIENCE),ELECTRICAL & ELECTRONICS,60
ENGINEERING,ELECTRONICS AND COMMUNICATION,180
ENGINEERING,INFORMATION SCIENCE AND,180
ENGINEERING,MECHANICAL ENGINEERING,60
(GOVT) R/Others Intake,ARTIFICIAL INTELLIGENCE AND DATA,120
(GOVT) R/Others Intake,CIVIL ENGINEERING,60
(GOVT) R/Others Intake,COMPUTER SCIENCE AND BUSINESS,120
(GOVT) R/Others Intake,COMPUTER SCIENCE AND ENGINEERING,180
(GOVT) R/Others Intake,ELECTRICAL & ELECTRONICS,60
ENGINEERING,ELECTRONICS AND COMMUNICATION,120
ENGINEERING,MECHANICAL ENGINEERING,60
(GOVT) R/Others Intake,COMPUTER SCIENCE AND ENGG,180
MACHINE LEARNING),COMPUTER SCIENCE AND ENGINEERING,240
MACHINE LEARNING),ELECTRONICS AND COMMUNICATION,120
MACHINE LEARNING),INFORMATION SCIENCE AND,120
ENGINEERING,MECHANICAL ENGINEERING,60
ENGINEERING,ROBOTICS AND AUTOMATION,60
(GOVT) R/Others Intake,CIVIL ENGINEERING,30
(GOVT) R/Others Intake,COMPUTER SCIENCE AND ENGG,120
MACHINE LEARNING),COMPUTER SCIENCE AND ENGINEERING,180
MACHINE LEARNING),COMPUTER SCIENCE AND ENGINEERING,120
(DATA SCIENCE),ELECTRONICS AND COMMUNICATION,120
(DATA SCIENCE),INFORMATION SCIENCE AND,120
ENGINEERING,MECHANICAL ENGINEERING,30
(GOVT) R/Others Intake,ARTIFICIAL INTELLIGENCE AND DATA,60
(GOVT) R/Others Intake,ARTIFICIAL INTELLIGENCE AND,60
MACHINE LEARNING,COMPUTER SCIENCE AND ENGINEERING,240
MACHINE LEARNING,COMPUTER SCIENCE AND ENGINEERING,60
(CYBER SECURITY),ELECTRONICS AND COMMUNICATION,120
(CYBER SECURITY),INFORMATION SCIENCE AND,60
ENGINEERING,MECHANICAL ENGINEERING,60
(GOVT) R/Others Intake,ARTIFICIAL INTELLIGENCE AND DATA,30
(GOVT) R/Others Intake,CIVIL ENGINEERING,30
(GOVT) R/Others Intake,COMPUTER SCIENCE AND ENGG,30
MACHINE LEARNING),COMPUTER SCIENCE AND ENGINEERING,90
MACHINE LEARNING),ELECTRICAL & ELECTRONICS,15
ENGINEERING,ELECTRONICS AND COMMUNICATION,60
ENGINEERING,MECHANICAL ENGINEERING,30
(GOVT) R/Others Intake,ARTIFICIAL INTELLIGENCE AND,60
MACHINE LEARNING,CIVIL ENGINEERING,30
MACHINE LEARNING,COMPUTER SCIENCE AND ENGINEERING,120
MACHINE LEARNING,ELECTRICAL & ELECTRONICS,60
ENGINEERING,ELECTRONICS AND COMMUNICATION,60
ENGINEERING,MECHANICAL ENGINEERING,30
(GOVT) R/Others Intake,ARTIFICIAL INTELLIGENCE AND,60
MACHINE LEARNING,COMPUTER SCIENCE AND ENGINEERING,60
MACHINE LEARNING,ELECTRICAL & ELECTRONICS,60
ENGINEERING,ELECTRONICS AND COMMUNICATION,60
ENGINEERING,INFORMATION SCIENCE AND,60
ENGINEERING,MECHANICAL ENGINEERING,60
(GOVT) R/Others Intake,ARTIFICIAL INTELLIGENCE AND,60
MACHINE LEARNING,CIVIL ENGINEERING,30
MACHINE LEARNING,COMPUTER SCIENCE AND ENGINEERING,90
MACHINE LEARNING,ELECTRICAL & ELECTRONICS,60
ENGINEERING,ELECTRONICS AND COMMUNICATION,60
(GOVT) R/Others Intake,AERONAUTICAL ENGINEERING,60
(GOVT) R/Others Intake,ARTIFICIAL INTELLIGENCE AND DATA,30
(GOVT) R/Others Intake,CIVIL ENGINEERING,60
(GOVT) R/Others Intake,COMPUTER SCIENCE AND ENGG,30
MACHINE LEARNING),COMPUTER SCIENCE AND ENGINEERING,180
MACHINE LEARNING),ELECTRONICS AND COMMUNICATION,120
MACHINE LEARNING),INFORMATION SCIENCE AND,60
ENGINEERING,MECHANICAL ENGINEERING,60
(GOVT) R/Others Intake,ARTIFICIAL INTELLIGENCE AND DATA,60
(GOVT) R/Others Intake,ARTIFICIAL INTELLIGENCE AND,60
MACHINE LEARNING,COMPUTER SCIENCE AND ENGINEERING,180
MACHINE LEARNING,ELECTRONICS AND COMMUNICATION,120
MACHINE LEARNING,MECHANICAL ENGINEERING,60
(GOVT) R/Others Intake,ARTIFICIAL INTELLIGENCE AND DATA,60
(GOVT) R/Others Intake,ARTIFICIAL INTELLIGENCE AND,60
MACHINE LEARNING,CIVIL ENGINEERING,30
MACHINE LEARNING,COMPUTER SCIENCE AND ENGINEERING,180
MACHINE LEARNING,CYBER SECURITY,60
MACHINE LEARNING,ELECTRICAL & ELECTRONICS,30
ENGINEERING,ELECTRONICS AND COMMUNICATION,120
ENGINEERING,INFORMATION SCIENCE AND,60
ENGINEERING,MECHANICAL ENGINEERING,30
(GOVT) R/Others Intake,CHEMICAL ENGINEERING,60
(GOVT) R/Others Intake,CIVIL ENGINEERING,60
(GOVT) R/Others Intake,COMPUTER SCIENCE AND ENGG,60
MACHINE LEARNING),COMPUTER SCIENCE AND ENGINEERING,240
MACHINE LEARNING),ELECTRICAL & ELECTRONICS,60
ENGINEERING,ELECTRONICS AND COMMUNICATION,120
ENGINEERING,ELECTRONICS AND INSTRUMENTATION,60
ENGINEERING,ELECTRONICS AND,60
TELECOMMUNICATION ENGINEERING,INDUSTRIAL ENGINEERING &,60
TELECOMMUNICATION ENGINEERING,INFORMATION SCIENCE AND,120
ENGINEERING,MECHANICAL ENGINEERING,120
(GOVT) R/Others Intake,DESIGN,30
(GOVT) R/Others Intake,PLANNING,40
(GOVT) R/Others Intake,ARTIFICIAL INTELLIGENCE AND,60
MACHINE LEARNING,CIVIL ENGINEERING,60
MACHINE LEARNING,COMPUTER SCIENCE AND ENGG,60
SECURITY INCLUDING BLOCK CHAIN,COMPUTER SCIENCE AND ENGINEERING,240
SECURITY INCLUDING BLOCK CHAIN,COMPUTER SCIENCE AND ENGINEERING,60
(DATA SCIENCE),ELECTRICAL & ELECTRONICS,120
ENGINEERING,ELECTRONICS & COMPUTER,60
ENGINEERING,ELECTRONICS AND COMMUNICATION,120
ENGINEERING,ELECTRONICS AND,60
TELECOMMUNICATION ENGINEERING,INFORMATION SCIENCE AND,120
ENGINEERING,MECHANICAL ENGINEERING,60
ENGINEERING,ROBOTICS AND ARTIFICIAL,60
(GOVT) R/Others Intake,DESIGN,30
(GOVT) R/Others Intake,CIVIL ENGINEERING,30
(GOVT) R/Others Intake,COMPUTER SCIENCE AND ENGG,60
MACHINE LEARNING),COMPUTER SCIENCE AND ENGINEERING,120
MACHINE LEARNING),ELECTRICAL & ELECTRONICS,60
ENGINEERING,ELECTRONICS AND COMMUNICATION,120
ENGINEERING,INFORMATION SCIENCE AND,60
ENGINEERING,MECHANICAL ENGINEERING,30
(GOVT) R/Others Intake,CIVIL ENGINEERING,60
(GOVT) R/Others Intake,COMPUTER SCIENCE AND ENGINEERING,60
(GOVT) R/Others Intake,ELECTRICAL & ELECTRONICS,60
ENGINEERING,ELECTRONICS AND COMMUNICATION,60
ENGINEERING,MECHANICAL ENGINEERING,60
(GOVT) R/Others Intake,COMPUTER SCIENCE AND ENGINEERING,60
(GOVT) R/Others Intake,ARTIFICIAL INTELLIGENCE AND,120
MACHINE LEARNING,CIVIL ENGINEERING,30
MACHINE LEARNING,COMPUTER SCIENCE AND ENGINEERING,180
MACHINE LEARNING,ELECTRONICS ENGINEERING(VLSI,60
DESIGN & TECHNOLOGY),ELECTRONICS AND COMMUNICATION,60
DESIGN & TECHNOLOGY),MECHANICAL ENGINEERING,30
(GOVT) R/Others Intake,CIVIL ENGINEERING,30
(GOVT) R/Others Intake,COMPUTER SCIENCE AND ENGINEERING,60
(GOVT) R/Others Intake,ELECTRONICS AND COMMUNICATION,30
(GOVT) R/Others Intake,MECHANICAL ENGINEERING,30
(GOVT) R/Others Intake,ARTIFICIAL INTELLIGENCE AND,120
MACHINE LEARNING,COMPUTER SCIENCE AND ENGG,60
SECURITY INCLUDING BLOCK CHAIN,COMPUTER SCIENCE AND ENGINEERING,120
SECURITY INCLUDING BLOCK CHAIN,ELECTRICAL & ELECTRONICS,30
ENGINEERING,ELECTRONICS AND COMMUNICATION,120
ENGINEERING,INFORMATION SCIENCE AND,60
ENGINEERING,MECHANICAL ENGINEERING,30
(GOVT) R/Others Intake,ARTIFICIAL INTELLIGENCE AND,60
MACHINE LEARNING,CIVIL ENGINEERING,30
MACHINE LEARNING,COMPUTER SCIENCE,180
MACHINE LEARNING,CYBER SECURITY,60
MACHINE LEARNING,DATA SCIENCES,60
MACHINE LEARNING,ELECTRICAL & ELECTRONICS,60
ENGINEERING,ELECTRONICS AND COMMUNICATION,60
ENGINEERING,INFORMATION SCIENCE AND,60
ENGINEERING,MECHANICAL ENGINEERING,60
(GOVT) R/Others Intake,CIVIL ENGINEERING,60
(GOVT) R/Others Intake,COMPUTER SCIENCE AND ENGINEERING,60
(GOVT) R/Others Intake,ELECTRICAL & ELECTRONICS,30
ENGINEERING,ELECTRONICS AND COMMUNICATION,60
ENGINEERING,INFORMATION SCIENCE AND,60
ENGINEERING,MECHANICAL ENGINEERING,30
(GOVT) R/Others Intake,CIVIL ENGINEERING,30
(GOVT) R/Others Intake,COMPUTER SCIENCE AND ENGG,60
(ARTIFICIAL INTELLIGENCE),COMPUTER SCIENCE AND ENGINEERING,240
(ARTIFICIAL INTELLIGENCE),COMPUTER SCIENCE AND ENGINEERING,60
(CYBER SECURITY),COMPUTER SCIENCE AND ENGINEERING,60
(DATA SCIENCE),ELECTRONICS AND COMMUNICATION,120
(DATA SCIENCE),INFORMATION SCIENCE AND,60
ENGINEERING,MECHANICAL ENGINEERING,30
(GOVT) R/Others Intake,AERONAUTICAL ENGINEERING,60
(GOVT) R/Others Intake,ARTIFICIAL INTELLIGENCE AND DATA,60
(GOVT) R/Others Intake,ARTIFICIAL INTELLIGENCE AND,60
MACHINE LEARNING,AUTOMOBILE ENGINEERING,30
MACHINE LEARNING,COMPUTER SCIENCE AND BUSINESS,60
MACHINE LEARNING,COMPUTER SCIENCE AND DESIGN,30
MACHINE LEARNING,COMPUTER SCIENCE AND ENGINEERING,120
MACHINE LEARNING,ELECTRICAL & ELECTRONICS,30
ENGINEERING,ELECTRONICS AND COMMUNICATION,60
ENGINEERING,INFORMATION SCIENCE AND,30
ENGINEERING,MARINE ENGINEERING,60
ENGINEERING,MECHANICAL ENGINEERING,30
(GOVT) R/Others Intake,ARTIFICIAL INTELLIGENCE AND,60
MACHINE LEARNING,COMPUTER SCIENCE AND ENGG,60
SECURITY INCLUDING BLOCK CHAIN,COMPUTER SCIENCE AND ENGINEERING,180
SECURITY INCLUDING BLOCK CHAIN,DATA SCIENCES,60
SECURITY INCLUDING BLOCK CHAIN,ELECTRONICS AND COMMUNICATION,60
SECURITY INCLUDING BLOCK CHAIN,INFORMATION SCIENCE AND,60
(GOVT) R/Others Intake,CIVIL ENGINEERING,60
(GOVT) R/Others Intake,COMPUTER SCIENCE AND ENGG,120
MACHINE LEARNING),COMPUTER SCIENCE AND ENGINEERING,480
MACHINE LEARNING),ELECTRICAL & ELECTRONICS,120
ENGINEERING,ELECTRONICS AND COMMUNICATION,120
ENGINEERING,MECHANICAL ENGINEERING,60
(GOVT) R/Others Intake,AGRICULTURE ENGINEERING,30
(GOVT) R/Others Intake,ARTIFICIAL INTELLIGENCE AND,60
MACHINE LEARNING,CIVIL ENGINEERING,30
MACHINE LEARNING,COMPUTER SCIENCE AND DESIGN,60
MACHINE LEARNING,COMPUTER SCIENCE AND ENGINEERING,120
MACHINE LEARNING,ELECTRICAL & ELECTRONICS,60
ENGINEERING,ELECTRONICS AND COMMUNICATION,90
ENGINEERING,MECHANICAL ENGINEERING,30
(GOVT) R/Others Intake,CIVIL ENGINEERING,30
(GOVT) R/Others Intake,COMPUTER SCIENCE AND ENGG,60
MACHINE LEARNING),COMPUTER SCIENCE AND ENGINEERING,120
MACHINE LEARNING),ELECTRONICS AND COMMUNICATION,60
MACHINE LEARNING),MECHANICAL ENGINEERING,30
(GOVT) R/Others Intake,CIVIL ENGINEERING,60
(GOVT) R/Others Intake,COMPUTER SCIENCE AND ENGINEERING,120
(GOVT) R/Others Intake,ELECTRICAL & ELECTRONICS,30
ENGINEERING,ELECTRONICS AND COMMUNICATION,60
ENGINEERING,MECHANICAL ENGINEERING,30
(GOVT) R/Others Intake,ARTIFICIAL INTELLIGENCE AND,60
MACHINE LEARNING,CIVIL ENGINEERING,60
MACHINE LEARNING,COMPUTER SCIENCE AND ENGINEERING,180
MACHINE LEARNING,COMPUTER SCIENCE AND ENGINEERING,60
(CYBER SECURITY),COMPUTER SCIENCE AND ENGINEERING,60
(DATA SCIENCE),ELECTRONICS AND COMMUNICATION,180
(DATA SCIENCE),INFORMATION SCIENCE AND,120
ENGINEERING,MECHANICAL ENGINEERING,60
(GOVT) R/Others Intake,CIVIL ENGINEERING,60
(GOVT) R/Others Intake,COMPUTER SCIENCE AND ENGG,180
MACHINE LEARNING),COMPUTER SCIENCE AND ENGINEERING,720
MACHINE LEARNING),ELECTRICAL & ELECTRONICS,60
ENGINEERING,ELECTRONICS AND COMMUNICATION,300
ENGINEERING,MECHANICAL ENGINEERING,120
(GOVT) R/Others Intake,CIVIL ENGINEERING,60
(GOVT) R/Others Intake,COMPUTER SCIENCE AND ENGINEERING,60
(GOVT) R/Others Intake,ELECTRICAL & ELECTRONICS,60
ENGINEERING,ELECTRONICS AND COMMUNICATION,60
ENGINEERING,INFORMATION SCIENCE AND,60
(GOVT) R/Others Intake,ARTIFICIAL INTELLIGENCE AND,60
MACHINE LEARNING,CIVIL ENGINEERING,60
MACHINE LEARNING,COMPUTER SCIENCE AND ENGG,60
MACHINE LEARNING),COMPUTER SCIENCE AND ENGINEERING,120
MACHINE LEARNING),COMPUTER SCIENCE AND ENGINEERING,60
(DATA SCIENCE),ELECTRONICS AND COMMUNICATION,60
(DATA SCIENCE),MECHANICAL ENGINEERING,60
(GOVT) R/Others Intake,ARTIFICIAL INTELLIGENCE AND,60
MACHINE LEARNING,CIVIL ENGINEERING,30
MACHINE LEARNING,COMPUTER SCIENCE AND ENGINEERING,120
MACHINE LEARNING,COMPUTER SCIENCE AND ENGINEERING,60
(DATA SCIENCE),ELECTRONICS AND COMMUNICATION,60
(DATA SCIENCE),MECHANICAL ENGINEERING,60
(GOVT) R/Others Intake,ARTIFICIAL INTELLIGENCE AND,90
MACHINE LEARNING,CIVIL ENGINEERING,30
MACHINE LEARNING,COMPUTER SCIENCE AND ENGINEERING,180
MACHINE LEARNING,ELECTRONICS AND COMMUNICATION,120
MACHINE LEARNING,INFORMATION SCIENCE AND,120
ENGINEERING,MECHANICAL ENGINEERING,30
(GOVT) R/Others Intake,ARTIFICIAL INTELLIGENCE AND DATA,60
(GOVT) R/Others Intake,CIVIL ENGINEERING,30
(GOVT) R/Others Intake,COMPUTER SCIENCE AND ENGG,120
MACHINE LEARNING),COMPUTER SCIENCE AND ENGG,60
SECURITY INCLUDING BLOCK CHAIN,COMPUTER SCIENCE AND ENGINEERING,150
SECURITY INCLUDING BLOCK CHAIN,ELECTRONICS ENGINEERING(VLSI,60
DESIGN & TECHNOLOGY),ELECTRONICS AND COMMUNICATION,180
DESIGN & TECHNOLOGY),INFORMATION SCIENCE AND,60
ENGINEERING,MECHANICAL ENGINEERING,60
(GOVT) R/Others Intake,CIVIL ENGINEERING,30
(GOVT) R/Others Intake,COMPUTER SCIENCE AND ENGG,120
MACHINE LEARNING),COMPUTER SCIENCE AND ENGINEERING,120
MACHINE LEARNING),COMPUTER SCIENCE AND ENGINEERING,60
(DATA SCIENCE),ELECTRICAL & ELECTRONICS,30
ENGINEERING,ELECTRONICS AND COMMUNICATION,60
ENGINEERING,MECHANICAL ENGINEERING,30
ENGINEERING,ROBOTICS AND ARTIFICIAL,60
(GOVT) R/Others Intake,ARTIFICIAL INTELLIGENCE AND,60
MACHINE LEARNING,CIVIL ENGINEERING,30
MACHINE LEARNING,COMPUTER SCIENCE AND ENGINEERING,60
MACHINE LEARNING,ELECTRONICS AND COMMUNICATION,60
MACHINE LEARNING,INFORMATION SCIENCE AND,60
ENGINEERING,MECHANICAL ENGINEERING,30
(GOVT) R/Others Intake,ARTIFICIAL INTELLIGENCE AND DATA,60
(GOVT) R/Others Intake,CIVIL ENGINEERING,30
(GOVT) R/Others Intake,COMPUTER SCIENCE AND ENGG,60
SECURITY INCLUDING BLOCK CHAIN,COMPUTER SCIENCE AND ENGINEERING,60
SECURITY INCLUDING BLOCK CHAIN,ELECTRONICS AND COMMUNICATION,60
SECURITY INCLUDING BLOCK CHAIN,MECHANICAL ENGINEERING,60
(GOVT) R/Others Intake,ARTIFICIAL INTELLIGENCE AND,120
MACHINE LEARNING,COMPUTER SCIENCE AND BUSINESS,60
MACHINE LEARNING,COMPUTER SCIENCE AND DESIGN,60
MACHINE LEARNING,COMPUTER SCIENCE AND ENGINEERING,180
MACHINE LEARNING,ELECTRONICS AND COMMUNICATION,120
MACHINE LEARNING,INFORMATION SCIENCE AND,180
ENGINEERING,MECHANICAL ENGINEERING,30
(GOVT) R/Others Intake,ARTIFICIAL INTELLIGENCE AND,60
MACHINE LEARNING,CIVIL ENGINEERING,30
MACHINE LEARNING,COMPUTER SCIENCE AND ENGINEERING,180
MACHINE LEARNING,COMPUTER SCIENCE AND ENGINEERING,30
(CYBER SECURITY),ELECTRICAL & ELECTRONICS,30
ENGINEERING,ELECTRONICS AND COMMUNICATION,60
ENGINEERING,INFORMATION SCIENCE AND,60
ENGINEERING,ROBOTICS AND ARTIFICIAL,30
(GOVT) R/Others Intake,ARTIFICIAL INTELLIGENCE AND,60
MACHINE LEARNING,CIVIL ENGINEERING,60
MACHINE LEARNING,COMPUTER SCIENCE AND ENGG,60
MACHINE LEARNING),COMPUTER SCIENCE AND ENGG,60
SECURITY INCLUDING BLOCK CHAIN,COMPUTER SCIENCE AND ENGINEERING,180
SECURITY INCLUDING BLOCK CHAIN,COMPUTER SCIENCE AND ENGINEERING,60
(DATA SCIENCE),ELECTRICAL & ELECTRONICS,60
ENGINEERING,ELECTRONICS AND COMMUNICATION,120
ENGINEERING,INFORMATION SCIENCE AND,60
ENGINEERING,MECHANICAL ENGINEERING,60
(GOVT) R/Others Intake,ARTIFICIAL INTELLIGENCE AND,120
MACHINE LEARNING,COMPUTER SCIENCE AND ENGINEERING,360
MACHINE LEARNING,ELECTRONICS AND COMMUNICATION,180
MACHINE LEARNING,INFORMATION SCIENCE AND,120
ENGINEERING,MECHANICAL ENGINEERING,60
(GOVT) R/Others Intake,CIVIL ENGINEERING,60
(GOVT) R/Others Intake,COMPUTER SCIENCE AND ENGINEERING,90
(GOVT) R/Others Intake,ELECTRONICS AND COMMUNICATION,60
(GOVT) R/Others Intake,MECHANICAL ENGINEERING,60
(GOVT) R/Others Intake,AERO SPACE ENGINEERING,60
(GOVT) R/Others Intake,AERONAUTICAL ENGINEERING,120
(GOVT) R/Others Intake,ARTIFICIAL INTELLIGENCE AND,60
MACHINE LEARNING,CHEMICAL ENGINEERING,30
MACHINE LEARNING,CIVIL ENGINEERING,30
MACHINE LEARNING,COMPUTER SCIENCE AND DESIGN,60
MACHINE LEARNING,COMPUTER SCIENCE AND ENGINEERING,240
MACHINE LEARNING,COMPUTER SCIENCE AND ENGINEERING,60
(DATA SCIENCE),ELECTRICAL & ELECTRONICS,30
ENGINEERING,ELECTRONICS ENGINEERING(VLSI,60
DESIGN & TECHNOLOGY),ELECTRONICS AND COMMUNICATION,60
TECHNOLOGY),ELECTRONICS AND COMMUNICATION,180
TECHNOLOGY),INDUSTRIAL IOT,30
TECHNOLOGY),INFORMATION SCIENCE AND,120
ENGINEERING,MECHANICAL ENGINEERING,30
(GOVT) R/Others Intake,ARTIFICIAL INTELLIGENCE AND,180
MACHINE LEARNING,COMPUTER SCIENCE AND ENGINEERING,480
MACHINE LEARNING,ELECTRICAL & ELECTRONICS,120
ENGINEERING,ELECTRONICS AND COMMUNICATION,180
ENGINEERING,MECHANICAL ENGINEERING,60
(GOVT) R/Others Intake,ARTIFICIAL INTELLIGENCE AND,60
MACHINE LEARNING,CIVIL ENGINEERING,30
MACHINE LEARNING,COMPUTER SCIENCE AND ENGG,60
SECURITY INCLUDING BLOCK CHAIN,COMPUTER SCIENCE AND ENGINEERING,120
SECURITY INCLUDING BLOCK CHAIN,ELECTRONICS AND COMMUNICATION,60
SECURITY INCLUDING BLOCK CHAIN,MECHANICAL ENGINEERING,30
(GOVT) R/Others Intake,ARTIFICIAL INTELLIGENCE AND DATA,60
(GOVT) R/Others Intake,CIVIL ENGINEERING,30
(GOVT) R/Others Intake,COMPUTER SCIENCE AND ENGINEERING,120
(GOVT) R/Others Intake,ELECTRICAL & ELECTRONICS,30
ENGINEERING,ELECTRONICS AND COMMUNICATION,120
ENGINEERING,INFORMATION SCIENCE AND,60
(GOVT) R/Others Intake,ARTIFICIAL INTELLIGENCE AND,60
MACHINE LEARNING,CHEMICAL ENGINEERING,30
MACHINE LEARNING,CIVIL ENGINEERING,90
MACHINE LEARNING,COMPUTER SCIENCE AND ENGINEERING,120
MACHINE LEARNING,ELECTRICAL & ELECTRONICS,60
ENGINEERING,ELECTRONICS AND COMMUNICATION,120
ENGINEERING,INFORMATION SCIENCE AND,60
ENGINEERING,MECHANICAL ENGINEERING,120
(GOVT) R/Others Intake,ARTIFICIAL INTELLIGENCE AND,60
MACHINE LEARNING,CIVIL ENGINEERING,60
MACHINE LEARNING,COMPUTER SCIENCE AND BUSINESS,60
MACHINE LEARNING,COMPUTER SCIENCE AND ENGINEERING,240
MACHINE LEARNING,COMPUTER SCIENCE AND ENGINEERING,60
(DATA SCIENCE),ELECTRICAL & ELECTRONICS,60
ENGINEERING,ELECTRONICS ENGINEERING(VLSI,60
DESIGN & TECHNOLOGY),ELECTRONICS AND COMMUNICATION,120
DESIGN & TECHNOLOGY),MECHANICAL ENGINEERING,120
(GOVT) R/Others Intake,ARTIFICIAL INTELLIGENCE AND DATA,60
(GOVT) R/Others Intake,ARTIFICIAL INTELLIGENCE AND,120
MACHINE LEARNING,CIVIL ENGINEERING,60
MACHINE LEARNING,COMPUTER SCIENCE AND ENGINEERING,180
MACHINE LEARNING,ELECTRICAL & ELECTRONICS,60
ENGINEERING,ELECTRONICS AND COMMUNICATION,120
ENGINEERING,INFORMATION SCIENCE AND,120
ENGINEERING,MECHANICAL ENGINEERING,60
ENGINEERING,MECHATRONICS,60
(Seats In Private Universities),ARTIFICIAL INTELLIGENCE AND,60
MACHINE LEARNING,B Tech in ROBOTICS AND ARTIFICIAL,30
INTELLIGENCE,CIVIL ENGINEERING,60
INTELLIGENCE,COMPUTER SCIENCE AND ENGINEERING,360
INTELLIGENCE,ELECTRONICS AND COMMUNICATION,180
INTELLIGENCE,INFORMATION SCIENCE AND,60
ENGINEERING,MECHANICAL ENGINEERING,30
(Seats In Private Universities),B TECH IN AERO SPACE ENGINEERING,120
(Seats In Private Universities),B TECH IN ARTIFICIAL INTELLIGENCE,60
AND MACHINE LEARNING,B TECH IN CIVIL ENGINEERING,60
AND MACHINE LEARNING,B TECH IN COMPUTER SCIENCE & ENGG,120
TECHNOLOGIES),B TECH IN COMPUTER SCIENCE AND,800
ENGINEERING,B TECH IN COMPUTER SCIENCE AND,60
ENGINEERING(CYBER SECURITY),B TECH IN COMPUTER SCIENCE AND,60
ENGINEERING(IOT),B TECH IN ELECTRICAL & ELECTRONICS,60
ENGINEERING,B TECH IN ELECTRONICS &,120
COMMUNICATION ENGINEERING,B TECH IN INFORMATION TECHNOLOGY,60
COMMUNICATION ENGINEERING,B TECH IN MECHANICAL ENGINEERING,60
(SOFTWARE PRODUCT DEVELOPMENT),BTECH IN INFORMATION TECHNOLOGY,60
REALITY(AR/VR),BTECH IN INFORMATION TECHNOLOGY,60
DATA ANALYTICS,PRODUCTION ENGINEERING,30
(Seats In Private Universities),B TECH IN COMPUTER SCIENCE AND,600
ENGINEERING,B Tech in Computer Science(AI &ML),300
ENGINEERING,B TECH IN ELECTRONICS &,60
Vehicle Technology),B TECH IN COMPUTER ENGINEERING,120
Vehicle Technology),B TECH IN COMPUTER SCIENCE &,180
INTELLIGENCE & MACHINE LEARNING),B TECH IN COMPUTER SCIENCE AND,360
ENGINEERING,B TECH IN COMPUTER SCIENCE AND,120
ENGINEERING(DATA SCIENCE),B TECH IN COMPUTER SCIENCE AND,60
ENGINEERING(DATA SCIENCE),B TECH IN ELECTRONICS &,60
COMMUNICATION ENGINEERING,B TECH IN INFORMATION TECHNOLOGY,60
(Seats In Private Universities),B TECH IN AERO SPACE ENGINEERING,120
(Seats In Private Universities),B TECH IN COMPUTER SCIENCE &,480
INTELLIGENCE & MACHINE LEARNING),B TECH IN COMPUTER SCIENCE AND,900
ENGINEERING,B TECH IN COMPUTER SCIENCE AND,180
INTELLIGENCE AND DATA SCIENCE),B TECH IN COMPUTER SCIENCE AND,180
ENGINEERING(CYBER SECURITY),B TECH IN COMPUTER SCIENCE AND,180
ENGINEERING(DATA SCIENCE),B TECH IN COMPUTER SCIENCE AND,180
ENGINEERING(DATA SCIENCE),B TECH IN ELECTRONICS &,180
COMMUNICATION ENGINEERING,B TECH IN MECHANICAL ENGINEERING,60
COMMUNICATION ENGINEERING,B Tech in ROBOTICS AND ARTIFICIAL,120
Engineering,B TECH IN COMPUTER SCIENCE,180
Engineering,B TECH IN INFORMATION TECHNOLOGY,180
Engineering,B TECH IN ROBOTIC ENGINEERING,180
Engineering,COMPUTER SCIENCE,180
Engineering,INFORMATION SCIENCE,180
(Seats In Private Universities),B TECH IN COMPUTER SCIENCE (DATA,120
(Seats In Private Universities),B TECH IN COMPUTER SCIENCE (CLOUD,120
(Seats In Private Universities),B TECH IN COMPUTER SCIENCE (CYBER,120
(Seats In Private Universities),B Tech in Computer Science (Information,120
(Seats In Private Universities),B TECH IN COMPUTER SCIENCE AND,240
ENGINEERING,B Tech in Computer Science(AI &ML),180
ENGINEERING,B TECH IN ELECTRICAL & ELECTRONICS,180
ENGINEERING,B TECH IN ELECTRONICS &,180
COMMUNICATION ENGINEERING,B TECH IN INFORMATION SCIENCE,180
(Business Systems),CIVIL ENGINEERING,60
(Business Systems),ENGINEERING DESIGN,60
(Business Systems),MECHANICAL ENGINEERING,60
(Business Systems),ROBOTICS AND AUTOMATION,60
(Seats In Private Universities),CIVIL ENGINEERING,60
(Seats In Private Universities),COMPUTER SCIENCE AND BUSINESS,120
(Seats In Private Universities),COMPUTER SCIENCE AND ENGG,60
MACHINE LEARNING),COMPUTER SCIENCE AND ENGINEERING,300
MACHINE LEARNING),COMPUTER SCIENCE AND TECHNOLOGY,30
(EXCLUSIVELY FOR DIFFERENTLY,CONSTRUCTION TECHNOLOGY AND,30
(EXCLUSIVELY FOR DIFFERENTLY,ELECTRONICS AND COMMUNICATION,60
(EXCLUSIVELY FOR DIFFERENTLY,INFORMATION SCIENCE AND,180
ENGINEERING,MECHANICAL ENGINEERING,60
ENGINEERING,CHEMICAL ENGINEERING,60
ENGINEERING,CIVIL ENGINEERING,60
ENGINEERING,COMPUTER SCIENCE AND ENGG,60
(ARTIFICIAL INTELLIGENCE),COMPUTER SCIENCE AND ENGINEERING,180
(ARTIFICIAL INTELLIGENCE),ELECTRICAL & ELECTRONICS,60
ENGINEERING,ELECTRONICS AND COMMUNICATION,120
ENGINEERING,MECHANICAL ENGINEERING,60
(Seats In Private Universities),AERONAUTICAL ENGINEERING,30
(Seats In Private Universities),CIVIL ENGINEERING,120
(Seats In Private Universities),COMPUTER SCIENCE AND ENGINEERING,120
(Seats In Private Universities),ELECTRONICS AND COMMUNICATION,30
(Seats In Private Universities),MECHANICAL ENGINEERING,120
(Seats In Private Universities),B TECH IN COMPUTER SCIENCE &,120
INTELLIGENCE & MACHINE LEARNING),B TECH IN COMPUTER SCIENCE AND,480
ENGINEERING,B TECH IN ELECTRICAL & ELECTRONICS,180
ENGINEERING,B TECH IN ELECTRONICS &,240
COMMUNICATION ENGINEERING,BTECH IN PHARMACEUTICAL,60
(Seats In Private Universities),AUTOMATION AND ROBOTIC,60
ENGINEERING,CIVIL ENGINEERING,120
ENGINEERING,COMPUTER SCIENCE AND ENGG,120
(ARTIFICIAL INTELLIGENCE),COMPUTER SCIENCE AND ENGINEERING,480
(ARTIFICIAL INTELLIGENCE),ELECTRICAL & ELECTRONICS,180
ENGINEERING,ELECTRONICS ENGINEERING(VLSI,60
DESIGN & TECHNOLOGY),ELECTRONICS AND COMMUNICATION,540
DESIGN & TECHNOLOGY),MECHANICAL ENGINEERING,180
DESIGN & TECHNOLOGY),AUTOMOTIVE ENGINEERING,30
DESIGN & TECHNOLOGY),B TECH IN AERO SPACE ENGINEERING,60
DESIGN & TECHNOLOGY),B TECH IN ARTIFICIAL INTELLIGENCE,180
AND MACHINE LEARNING,B TECH IN CIVIL ENGINEERING,30
AND MACHINE LEARNING,B TECH IN COMPUTER SCIENCE AND,360
ENGINEERING,B TECH IN ELECTRICAL & ELECTRONICS,60
ENGINEERING,B TECH IN ELECTRONICS &,60
COMMUNICATION ENGINEERING,B TECH IN INFORMATION SCIENCE,180
ENGINEERING,B TECH IN MATHAMATICS AND,30
ENGINEERING,B TECH IN MECHANICAL ENGINEERING,60
ENGINEERING,B TECH IN ROBOTICS ENGINEERING,60
(Seats In Private Universities),B TECH IN COMPUTER SCIENCE &,540
INTELLIGENCE & MACHINE LEARNING),B TECH IN COMPUTER SCIENCE AND,720
ENGINEERING,B TECH IN ELECTRICAL & ELECTRONICS,60
ENGINEERING,B TECH IN ELECTRONICS &,360
COMMUNICATION ENGINEERING,B TECH IN MECHANICAL ENGINEERING,60
COMMUNICATION ENGINEERING,B TECH IN COMPUTER SCIENCE &,360
INTELLIGENCE & MACHINE LEARNING),B TECH IN COMPUTER SCIENCE AND,720
ENGINEERING,B TECH IN ELECTRONICS &,180
(Seats In Private Universities),B TECH IN ARTIFICIAL INTELLIGENCE,120
AND DATA SCIENCE,B TECH IN CIVIL ENGINEERING,60
AND DATA SCIENCE,B TECH IN COMPUTER SCIENCE &,360
INTELLIGENCE & MACHINE LEARNING),B TECH IN COMPUTER SCIENCE AND,1260
ENGINEERING,B TECH IN COMPUTER SCIENCE AND,60
ENGINEERING(BLOCK CHAIN),B TECH IN COMPUTER SCIENCE AND,240
ENGINEERING(CYBER SECURITY),B TECH IN COMPUTER SCIENCE AND,240
ENGINEERING(DATA SCIENCE),B TECH IN COMPUTER SCIENCE AND,120
ENGINEERING(IOT),B TECH IN COMPUTER SCIENCE AND,60
TECHNOLOGY(BIG DATA),B TECH IN COMPUTER SCIENCE AND,60
TECHNOLOGY(DEV OPS),B TECH IN ELECTRICAL & ELECTRONICS,120
ENGINEERING,B TECH IN ELECTRONICS &,240
COMMUNICATION ENGINEERING,B TECH IN INFORMATION SCIENCE &,120
COMMUNICATION ENGINEERING,B TECH IN INFORMATION SCIENCE,120
ENGINEERING,B TECH IN MECHANICAL ENGINEERING,60
ENGINEERING,B TECH IN PETROLEUM ENGINEERING,60
ENGINEERING,B Tech in ROBOTICS AND ARTIFICIAL,60
"TALUK, BENGALURU",B TECH IN COMPUTER SCIENCE AND,120
ENGINEERING,B TECH IN INFORMATION TECHNOLOGY,60
ENGINEERING,B TECH IN COMPUTER SCIENCE AND,180
INFORMATION TECHNOLOGY,B TECH IN AERO SPACE ENGINEERING,60
INFORMATION TECHNOLOGY,B TECH IN AGRICULTURAL ENGINEERING,30
INFORMATION TECHNOLOGY,B TECH IN ARTIFICIAL INTELLIGENCE,180
AND DATA SCIENCE,B TECH IN CIVIL ENGINEERING,120
AND DATA SCIENCE,B TECH IN COMPUTER SCIENCE &,270
INTELLIGENCE & MACHINE LEARNING),B TECH IN COMPUTER SCIENCE AND,360
ENGINEERING,B TECH IN COMPUTER SCIENCE AND,60
ENGINEERING(IOT INCLUDING BLOCK,B TECH IN ELECTRICAL & ELECTRONICS,120
ENGINEERING,B TECH IN ELECTRONICS &,240
COMMUNICATION ENGINEERING,B TECH IN ELECTRONICS & COMPUTER,60
ENGINEERING,B TECH IN INFORMATION SCIENCE,120
ENGINEERING,B TECH IN MECHANICAL ENGINEERING,120
ENGINEERING,B TECH IN MECHATRONICS,60
ENGINEERING,B Tech in ROBOTICS AND ARTIFICIAL,60
(Seats in Private Universities),B TECH IN COMPUTER SCIENCE AND,540
ENGINEERING,COMPUTER SCIENCE AND ENGG,780
MACHINE LEARNING),COMPUTER SCIENCE AND ENGINEERING,2580
MACHINE LEARNING),COMPUTER SCIENCE AND ENGINEERING,240
(ARTIFICAL INTELLIGENCE & DATA,COMPUTER SCIENCE AND ENGINEERING,420
(DATA SCIENCE),ELECTRICAL & ELECTRONICS,60
ENGINEERING,ELECTRONICS AND COMMUNICATION,240
(Seats In Private Universities),B TECH IN ARTIFICIAL INTELLIGENCE,60
AND MACHINE LEARNING,B TECH IN CIVIL ENGINEERING,30
AND MACHINE LEARNING,B TECH IN COMPUTER SCIENCE AND,150
ENGINEERING,B TECH IN ELECTRICAL & ELECTRONICS,60
ENGINEERING,B TECH IN ELECTRONICS &,120
COMMUNICATION ENGINEERING,B TECH IN ARTIFICIAL INTELLIGENCE,60
AND DATA SCIENCE,B TECH IN CIVIL ENGINEERING,120
AND DATA SCIENCE,B TECH IN COMPUTER SCIENCE AND,180
ENGINEERING,B TECH IN ELECTRICAL & ELECTRONICS,60
ENGINEERING,B TECH IN ELECTRONICS &,120
COMMUNICATION ENGINEERING,B TECH IN ENERGY ENGINEERING,60
COMMUNICATION ENGINEERING,B TECH IN MECHANICAL ENGINEERING,120
COMMUNICATION ENGINEERING,BTECH IN COMPUTER SCIENCE AND,60
(Seats In Private Universities),B TECH IN ARTIFICIAL INTELLIGENCE,120
AND MACHINE LEARNING,B TECH IN CIVIL ENGINEERING,60
AND MACHINE LEARNING,B TECH IN COMPUTER SCIENCE AND,180
ENGINEERING,B TECH IN ELECTRONICS &,30
COMMUNICATION ENGINEERING,B TECH IN MECHANICAL ENGINEERING,60
COMMUNICATION ENGINEERING,COMPUTER SCIENCE AND ENGINEERING,60
(CYBER SECURITY),B TECH IN COMPUTER SCIENCE AND,120
(Seats in Deemed Universities),CIVIL ENGINEERING WITH COMPUTER,30
APPLICATION,COMPUTER SCIENCE AND ENGG,360
MACHINE LEARNING),COMPUTER SCIENCE AND ENGINEERING,420
MACHINE LEARNING),COMPUTER SCIENCE AND ENGINEERING,60
(CYBER SECURITY),COMPUTER SCIENCE AND ENGINEERING,120
(DATA SCIENCE),ELECTRICAL & COMPUTER ENGINEERING,30
(DATA SCIENCE),ELECTRONICS ENGINEERING(VLSI,30
DESIGN & TECHNOLOGY),ELECTRONICS AND COMMUNICATION,120
DESIGN & TECHNOLOGY),MECHANICAL ENGINEERING,30
DESIGN & TECHNOLOGY),ROBOTICS AND ARTIFICIAL,30
